Area,Aspect Ratio,Slope
31.881999999999998,2.0276999999999994,22.878
23.85,5.8486,0.3128
3.0825,1.6634,153.2
4.9725,4.1306,1.0147
23.67,2.313599999999999,177.69
19.823,2.3166999999999995,174.45
1.71,1.8930000000000007,162.94
4.59,2.9579000000000004,12.365
24.188000000000002,1.3515,177.3
26.346999999999998,2.0431000000000004,173.39
26.302,3.3228000000000004,8.3912
1.4625,4.808700000000001,0.3507
16.2,4.12,1.9942
23.063000000000002,13.25,0.6773
277.76,1.97,177.13
5.355,1.0523,95.639
6.12,2.0159000000000002,12.234000000000002
4.9725,1.9996,178.32
27.675,2.1927,163.82
5.22,3.1175,3.4045
49.342,3.415499999999999,171.44
20.587,4.677599999999999,179.66
25.493000000000002,3.5606999999999998,174.22
2.835,2.2484,169.53
20.541999999999998,2.460500000000001,172.63
23.737,2.8703,178.86
3.7125,5.2022,177.02
4.0725,2.4439999999999995,10.064
9.27,1.9899999999999998,2.4601
1.62,1.5924,144.32
9.7875,2.234300000000001,6.7437
4.3425,2.5689000000000006,8.8506
49.928000000000004,2.1285999999999996,8.959
7.875,1.8075000000000003,175.35
79.11,1.7777000000000003,164.51
44.28,1.3013000000000003,174.67
5.3775,1.8802999999999999,27.015
6.075,2.2202,173.95
6.0975,1.8575,175.25
3.015,1.3584000000000003,135.78
26.865,1.8354000000000001,5.5661
75.06,2.6102999999999996,149.27
28.755,2.9877000000000007,0.8362
37.08,1.1571,26.458000000000002
1.62,1.2127000000000001,9.1493
4.3875,1.5971999999999993,33.269
71.325,2.0813,5.1051
2.745,1.6248999999999996,136.36
4.0275,1.6583,16.026
26.392,2.4566999999999997,150.38
112.61,2.4550999999999985,175.92
49.95,2.3841999999999994,11.0
19.305,2.1692,31.97300000000001
44.931999999999995,1.3004999999999998,168.19
47.181999999999995,2.1005999999999996,26.41
14.693,1.8360000000000003,162.95
1.035,1.6985000000000001,117.6
18.427,2.7808000000000006,157.5
1.0125,3.107400000000001,21.81900000000001
5.1975,1.4824,35.147
25.515,1.2608000000000001,36.332
38.857,2.0821,5.9628
3.87,1.4185,26.802
1.8225,1.7426,131.32
17.212,1.5665000000000004,11.155
62.708,1.7909000000000002,161.33
1.7775,1.1316000000000002,169.11
108.38,1.1909999999999996,12.055
5.985,1.6797000000000004,78.056
1.5525,1.4768000000000003,60.647
4.6125,1.9099000000000002,13.011
17.077,1.6617999999999997,158.21
124.56,1.7365000000000002,176.16
1.1025,2.2636,10.132
10.35,2.7539000000000002,157.86
15.66,2.5257,23.467
7.5825,5.3199,29.155
8.1675,1.6621000000000001,174.37
11.115,1.8507999999999996,10.69
2.0925,1.3033000000000001,70.414
112.12,1.6942000000000002,153.34
15.66,1.6049000000000002,170.69
8.955,1.4556000000000002,92.596
9.5625,1.1472000000000002,88.90799999999999
25.965,1.1047000000000002,7.8785
35.145,1.8731999999999998,15.248
49.77,2.746800000000001,0.9501
24.84,1.6606,85.179
1.215,1.4605,9.7038
6.6825,1.5492999999999997,168.75
2.6775,1.2063,159.12
33.592,2.1558,3.4067
1.3275,2.4167,168.24
5.0625,1.062,169.84
2.2725,1.3839000000000001,82.189
1.845,2.2061999999999995,101.94
3.105,1.5612000000000001,7.8746
1.2375,1.5798,177.75
11.137,1.5957,9.5731
18.54,1.8967,7.1171
3.96,2.2194,2.0482
3.96,2.6538999999999997,178.07
39.44300000000001,2.4805000000000006,174.23
3.0375,1.3193000000000004,32.466
17.032,1.2381,160.12
2.835,1.4184999999999999,145.88
36.675,1.5585999999999995,1.5735
54.315,1.8966000000000005,3.8722
2.2275,2.6692,11.616
1.3275,2.217099999999999,131.21
1.6875,1.1178,110.11
12.623,1.1489999999999998,127.43
58.545,2.4494,149.06
12.038,1.2588999999999997,170.08
1.9575,1.9475,80.314
1.0575,1.2331,138.65
5.4,1.3354000000000004,10.637
99.585,1.5784999999999998,11.109000000000002
9.945,3.1738000000000004,6.9752
52.268,2.2082000000000006,160.69
1.215,1.4903,32.172
2.835,1.5211999999999999,120.31
12.443,2.5966999999999993,157.5
1.0125,1.5249999999999997,44.495
1.935,1.4211,4.5512
84.12799999999999,1.2705000000000004,170.77
6.3,3.3107000000000006,175.79
27.517,1.5027000000000001,21.218000000000004
1.71,1.1618000000000002,7.3615
17.82,1.6611,161.73
17.933,2.5897,23.738000000000003
39.825,1.4449,144.5
12.578,1.5894000000000001,85.485
19.035,1.6866999999999999,164.84
1.1475,2.2708000000000004,51.216
22.005,1.1498,169.63
8.4375,2.2490999999999994,59.113
1.7325,2.4257,145.71
1.5975,2.8082000000000007,158.07
49.702,1.9398999999999997,3.6471
1.485,2.0540999999999996,50.81
11.16,1.2143000000000002,127.28
25.11,1.2704999999999997,144.7
98.978,2.903000000000001,164.11
1.1925,1.9358000000000002,30.656
1.395,2.0321,168.76
46.215,2.5889,158.44
57.825,1.4835000000000003,175.32
32.985,1.6730000000000007,149.6
1.575,1.9438000000000002,11.994000000000002
2.3625,2.1444000000000005,103.57
68.018,1.383,15.979000000000001
8.3025,2.0216000000000003,18.724
7.65,1.6886999999999996,155.3
10.125,2.4108999999999994,10.324000000000002
26.55,1.7265000000000004,167.84
8.8875,1.1937999999999998,98.64299999999999
2.2275,3.0430999999999995,151.28
5.04,1.3968999999999996,81.517
1.125,2.4159,160.06
9.6525,1.3805999999999996,103.47
1.0575,2.5261,11.657
22.118000000000002,1.3688999999999996,126.5
1.7325,2.2989,24.7
1.665,1.3048,13.202
9.36,2.0801999999999996,4.3995
1.35,2.1889000000000003,120.44
2.295,1.2776999999999998,158.63
2.2725,1.3936000000000004,150.54
78.232,1.3400999999999998,34.705999999999996
24.052,1.1953999999999996,149.73
16.718,2.1384,161.08
115.0,1.1186000000000003,73.52600000000002
1.305,1.263,63.62300000000001
17.302,2.5483000000000002,41.522
1.8225,2.0828000000000007,158.44
14.04,1.6969999999999998,179.28
4.59,2.0189000000000004,33.611999999999995
1.4175,1.402,171.94
3.06,1.6677,26.278000000000002
12.533,2.7579,179.6
1.7325,1.4031,148.05
3.285,2.0021999999999998,172.54
57.375,1.6657999999999997,166.69
2.9925,1.4158000000000002,14.649000000000001
136.17,3.5665,175.61
26.573,3.293399999999999,3.4704
4.545,2.1032,157.9
2.565,1.7683,46.53100000000001
1.08,1.5728,16.311
1.2375,1.7237,14.665
82.507,2.4917999999999996,156.3
133.45,1.3486999999999998,8.2337
1.1925,1.2186999999999997,84.90100000000002
11.677,2.0408000000000004,13.764000000000001
52.245,1.5851999999999993,5.7054
18.225,1.5443,159.39
84.66799999999998,1.8071999999999995,21.256
26.843000000000004,2.0597,171.14
51.39,1.2887,150.51
2.025,2.9054,7.9683
3.9375,2.1490999999999993,173.21
1.89,1.6079000000000003,165.17
23.175,1.5274000000000005,176.55
9.8325,1.7006,16.205
9.315,2.8654000000000006,81.622
3.96,2.4734,113.06
1.4175,1.9915000000000003,28.811999999999998
42.93,3.9536000000000007,162.07
3.1725,1.5508999999999997,110.36
25.965,3.4899999999999998,16.009
41.287,2.2802,0.5503
13.05,1.3998,173.71
14.715,1.6047000000000002,132.84
15.773,1.7614999999999996,125.31
2.385,3.336300000000001,78.527
53.393,2.3614999999999995,2.9725
8.685,2.1686999999999994,80.955
29.406999999999996,1.7574,49.916000000000004
8.0325,1.2691000000000003,128.18
49.38800000000001,2.8982000000000006,13.833
77.28699999999998,1.6818000000000004,147.23
9.2475,1.5137000000000005,173.06
6.0525,1.5551,64.933
3.4875,1.4336999999999993,6.0249
3.5775,1.7625000000000002,55.898
41.625,1.5035,165.88
1.1475,3.8934000000000006,16.498
14.017000000000001,1.7414000000000003,21.866
36.428000000000004,1.6969000000000005,17.175
11.587,1.7164000000000001,23.511999999999997
42.075,1.5636999999999999,15.8
1.395,1.8632999999999995,23.522
33.075,2.1642999999999994,132.83
5.49,2.9682,18.805999999999997
40.77,3.3224999999999993,5.9976
22.14,1.0337000000000003,126.83
3.7125,1.3210000000000002,139.3
5.7825,1.4386999999999999,20.018
21.735,1.2029999999999996,140.09
14.76,1.0464000000000002,37.041
8.2575,1.8171,153.98
5.175,1.992,160.22
3.375,1.6479000000000004,174.85
6.9525,1.2980000000000003,129.5
3.42,2.4532000000000003,166.4
34.806999999999995,1.3256000000000001,161.05
8.955,1.6791999999999998,38.505
13.703,1.3426000000000002,97.10600000000001
3.6,2.1646,46.986000000000004
158.18,3.0448,174.47
7.56,1.8012000000000001,42.545
10.125,1.7332999999999998,15.457
21.87,1.4210999999999998,173.06
15.097000000000001,1.5588000000000004,0.3317
8.055,1.4691,3.9728
6.0525,1.1509999999999996,110.77
6.165,1.1181000000000003,61.965
27.291999999999998,1.9354999999999998,139.83
10.575,2.852800000000001,4.2987
1.08,1.8482000000000003,80.135
5.0625,2.0238,2.0876
34.357,1.6139000000000003,165.57
8.46,1.5652999999999997,177.01
42.12,3.6790999999999996,172.49
14.445,1.8457,168.48
7.785,2.026,7.5193
11.273,2.071,170.85
3.465,1.1540000000000001,138.8
8.685,1.1790000000000003,34.592
5.3775,1.1838,56.558
1.9125,1.5108999999999997,6.4567
13.387,1.5604999999999998,28.465
8.0775,2.818799999999999,168.16
20.587,3.2972000000000006,178.75
3.6,1.4957999999999998,33.841
4.2525,2.520799999999999,14.151
6.0525,2.7903,9.2517
3.3075,1.4775000000000003,4.6398
18.608,2.503,174.05
1.4175,2.381800000000001,31.241999999999997
11.902999999999999,1.6748000000000003,175.74
3.24,2.7456000000000005,20.949
1.1925,2.3454,96.802
3.015,1.5236000000000005,10.773
1.125,1.6082000000000003,161.59
1.125,1.3576000000000001,18.525
2.385,1.6838999999999997,138.11
2.9025,1.2970999999999995,178.77
2.4075,1.7017000000000002,32.113
25.785,4.860699999999999,8.8487
4.5675,1.2542999999999995,105.06
1.62,1.1145,89.37700000000002
7.6725,2.2446999999999995,162.49
99.315,4.7632,9.1491
4.6125,2.8868000000000014,157.49
28.958000000000002,2.9715000000000003,7.9977
1.305,2.2644,27.19400000000001
1.2375,1.8211000000000002,102.83
1.845,1.7143999999999995,98.236
2.9475,1.6228000000000002,9.8394
1.665,3.1047,156.78
8.2125,3.1889999999999996,155.77
3.915,2.0697999999999994,173.55
16.313,2.4696000000000002,177.97
4.995,1.5668,25.169
2.565,1.6482000000000003,172.66
2.4075,1.4385000000000003,167.52
1.4625,1.8683999999999998,125.43
3.015,2.6789000000000005,178.08
2.205,2.3027999999999995,135.21
3.0825,1.3953000000000007,174.4
12.127,2.3067,174.66
12.735,2.3651,136.83
3.24,2.0161000000000002,1.8023
6.2325,2.075500000000001,172.73
1.4175,2.9518999999999997,4.8741
1.7775,1.0963999999999996,69.461
3.1725,1.9854000000000003,33.702
2.2275,1.4833,17.733
2.115,3.1492999999999998,160.38
34.986999999999995,2.6468000000000003,177.44
2.6325,1.4132999999999998,179.04
22.365,2.0377000000000005,118.42
34.178000000000004,3.3463,3.9608
2.565,1.6904000000000006,125.95
1.1475,1.2376999999999998,63.908
2.745,1.4982,30.561
7.2675,2.850000000000001,12.668
1.1925,1.3326000000000002,47.324
2.9925,3.3358999999999996,158.79
3.0825,2.5622,11.275
1.2825,2.1341000000000006,158.24
1.1925,1.6816,86.59700000000002
1.6875,1.8624000000000003,69.059
1.7325,3.2954000000000008,176.06
1.4175,1.5827999999999998,141.21
3.0375,3.8511,164.24
1.6425,1.2704,136.09
10.035,2.6202999999999994,3.2289999999999996
13.882,2.904,178.87
4.9275,1.4318,6.0741
15.12,5.1849,173.98
2.1375,1.1863000000000001,118.58
1.1925,1.1973000000000003,106.14
1.89,1.9123999999999999,2.6493
2.97,2.1620000000000004,15.09
2.1825,1.2974,47.662
2.5425,1.5630999999999997,149.66
3.3975,1.7220000000000002,19.896
6.9525,3.6617000000000006,154.33
2.61,1.7856999999999998,177.92
1.845,3.8004999999999995,8.9182
4.185,1.3486,15.831
9.6525,1.6645999999999999,88.88600000000002
3.735,1.9322,7.6344
1.17,1.0158,44.92100000000001
5.895,2.695699999999999,143.89
1.035,1.6844,157.43
5.445,2.2486000000000006,169.69
6.3675,2.5210999999999997,9.418
3.6,1.4268,151.88
3.3975,2.1217999999999995,31.534000000000002
2.6775,1.4075000000000004,172.32
2.43,1.707100000000001,21.618000000000002
1.125,2.6751,165.91
1.7775,2.2385999999999995,83.83
37.236999999999995,5.809200000000001,10.569
3.5775,1.2833000000000003,16.12
4.005,1.0276999999999998,17.718
19.035,2.348,170.74
1.3725,2.4543,169.39
3.195,1.5622,59.86
78.345,4.278400000000001,176.7
7.83,1.6339999999999992,16.939
3.78,1.4391000000000007,5.8147
1.0125,1.6222999999999999,149.31
1.08,1.1378,122.23
3.5775,1.127,140.88
1.215,1.7726000000000006,51.983000000000004
2.1825,1.6312999999999998,88.67399999999998
6.0975,1.1634000000000002,35.473
1.215,1.5064000000000004,57.285
1.8225,2.3466,96.773
18.788,3.8486000000000016,179.22
2.2275,1.6904000000000001,29.91
2.1825,1.2029999999999998,14.247
1.665,1.6308,155.49
1.125,1.8783,109.02
2.4975,1.7544,170.13
4.185,2.092,170.11
1.44,3.0146000000000006,84.262
2.475,2.1464000000000003,170.12
2.025,1.9218,30.06900000000001
3.375,1.0044000000000002,7.5798
3.015,1.3319000000000003,177.51
4.095,1.6777000000000002,104.2
3.8025,1.4826000000000004,3.4489
45.696999999999996,2.265499999999999,166.81
3.4425,3.2403999999999997,179.94
3.8925,1.6692,175.06
2.6325,1.6552999999999995,7.2287
1.395,2.2575999999999996,159.88
4.95,1.8514,4.793
1.4625,2.716799999999999,173.9
2.295,1.5776000000000001,13.775
3.1725,1.9056999999999997,159.37
31.815,2.3703000000000003,153.93
1.5525,3.1767000000000007,179.63
1.1475,1.5222000000000002,88.544
2.79,2.296,21.613000000000003
2.0475,2.2963999999999993,137.63
3.9375,1.3507000000000002,136.68
6.57,3.8415999999999997,159.72
23.76,3.1781,178.41
12.87,1.3924999999999998,53.245
1.44,1.5003999999999997,79.482
6.93,2.962500000000001,170.76
1.5075,2.8296,92.67299999999999
238.27,3.0103,163.09
2.8575,1.1124000000000003,29.56
2.025,1.2982,48.681999999999995
2.745,2.5554999999999994,148.21
8.9325,2.780200000000001,148.8
2.52,2.2381,110.05
2.4075,2.5450999999999997,5.8828
8.1675,3.3608000000000002,3.6505
5.3775,1.5251000000000001,7.1518
1.1025,1.5911000000000002,64.03
3.7125,1.5991000000000002,172.93
3.1275,1.6519,15.499
1.9125,1.9580000000000002,78.51899999999998
3.1275,1.9175000000000002,52.395
2.16,1.4795,104.28
30.24,4.516,9.7985
1.1025,1.2124999999999997,165.31
2.745,1.613,32.16
17.685,2.3478,25.538
4.9275,2.650499999999999,20.069000000000006
1.5525,2.6426999999999987,35.546
1.3275,2.5835,164.46
15.007,2.5804999999999993,167.36
1.35,1.7627,47.335
1.98,1.1879,74.982
15.323,2.6150000000000007,5.6505
3.51,3.2737,2.4284
2.25,1.4132,25.604
6.4125,1.5375,164.97
19.035,1.1889,64.321
2.4525,1.4589000000000003,41.601000000000006
8.91,1.3413000000000002,33.321
8.955,2.503099999999999,144.42
1.7325,1.3342999999999998,136.55
4.365,2.7290000000000005,1.7831
2.5425,2.1589,50.855
2.745,1.7119999999999997,20.965999999999998
1.1025,1.4668000000000003,30.750999999999998
11.07,1.2336000000000005,140.34
2.97,1.3919,77.85600000000002
1.3725,1.3263000000000003,82.071
4.05,3.2767000000000013,178.29
8.7975,3.2535000000000007,179.27
1.5525,1.8056,16.328
4.4325,1.4149000000000005,1.8636
19.71,2.1922999999999995,177.8
4.4775,1.6182000000000003,121.4
1.0125,2.5487999999999995,179.73
1.215,1.8227000000000007,11.392999999999999
5.355,2.4501,159.73
2.6775,1.8668999999999998,35.715
9.4275,2.4152,2.7688
6.6825,1.6003000000000005,70.333
121.25,2.5734,30.186
18.698,1.1536999999999997,89.665
4.23,1.9756999999999996,25.401999999999997
1.3275,1.2009999999999996,169.07
4.0275,1.7611000000000006,138.97
11.925,2.4032,2.4188
8.28,1.6746999999999999,10.405999999999999
4.32,6.594899999999999,6.5281
2.5875,2.1171,174.72
1.08,2.3609999999999998,30.855999999999998
1.125,1.2196,142.95
1.8675,2.2427000000000006,154.28
7.2225,1.5995000000000004,153.34
48.15,1.6324,175.47
1.035,2.0911,167.33
5.805,1.681,130.05
1.8225,1.0592,131.78
1.44,1.0364,143.12
7.155,2.3459,12.83
21.756999999999998,1.5809999999999997,80.811
2.5875,2.2077999999999998,2.8359
11.092,2.3964,177.92
4.14,3.7966999999999995,12.062000000000001
42.75,2.0386999999999995,173.62
98.685,1.5555,6.8272
17.438,3.0400000000000005,177.7
1.44,2.1391999999999998,22.17
6.9525,2.213,16.334
2.34,2.5538000000000007,37.104
1.845,2.1646,34.115
24.503,2.5329999999999995,155.32
17.302,1.4543,69.46
1.35,1.5236000000000003,112.33
3.015,1.7041999999999995,3.1017
26.212,1.4936000000000005,85.51
82.44,2.5245999999999995,174.86
18.765,1.6859,33.153
1.8675,1.0669,94.124
1.2375,2.0340000000000007,132.67
3.2625,1.6781999999999997,45.266999999999996
1.1475,1.6304999999999998,170.4
33.84,1.1902,94.859
35.123000000000005,1.8527000000000002,167.93
1.1925,2.3109000000000006,170.87
1.7325,1.8732000000000002,6.2255
2.88,1.5206999999999995,166.26
2.0025,1.7332999999999996,21.076
1.5525,2.3362,52.979
3.015,1.4599,68.393
1.5525,1.5325999999999997,15.964
1.0575,1.7985000000000002,77.501
1.08,2.4435,150.57
7.785,1.8529000000000002,150.02
51.345,2.8303999999999996,0.6361
1.4175,1.7393000000000003,179.76
29.451999999999998,1.2866999999999997,21.259
24.345,1.1791,19.644000000000002
24.323,2.2849,3.1783
26.798000000000002,1.6283000000000003,30.813000000000002
31.32,2.7912000000000003,28.131999999999998
10.148,2.5177999999999994,58.141999999999996
3.96,1.8361999999999998,161.0
7.92,2.0038,173.47
2.1825,1.454,25.118000000000002
6.4125,2.0502999999999996,11.22
1.7775,1.4389,142.14
1.89,2.1555000000000004,163.03
29.858,1.5775999999999997,172.61
1.9575,1.7837000000000003,159.57
19.44,1.8728000000000002,167.16
15.57,1.8369,5.3408
1.62,1.7947999999999997,171.89
23.423000000000002,1.8926000000000003,12.21
137.16,1.3351999999999997,151.85
25.38,1.7933000000000001,47.937
1.485,1.9834999999999994,4.0247
1.08,2.4676,91.963
1.0575,1.6026,9.0138
4.005,1.5058,2.1698
5.6925,1.7612,164.46
2.79,2.1971000000000003,4.0733
21.915,2.6626,3.0679
17.663,2.4168000000000003,174.03
4.005,2.6276,106.4
1.215,1.6784999999999994,22.03
2.295,1.818,81.087
3.1725,1.5321000000000002,7.5074
1.6425,2.1417000000000006,95.76899999999999
197.82,2.625,6.8178
1.2375,1.1422,113.16
14.962,3.7212,3.2563
6.795,1.1558999999999995,76.131
83.363,1.4263000000000006,149.54
1.7325,2.4889999999999994,81.156
3.15,1.0811999999999993,22.697
20.205,2.3937999999999997,155.86
10.238,1.1095,142.08
14.377,2.4954000000000005,0.9249
20.43,3.1067000000000013,2.8710000000000004
1.0575,2.0027999999999997,79.493
1.5075,1.4331999999999998,30.815
113.18,1.7803,176.35
1.395,2.4826,138.87
1.2825,1.2889999999999997,16.453
3.6,1.7626000000000002,167.71
5.0175,1.9185999999999999,141.79
1.35,1.3053999999999997,146.48
4.5,1.5336999999999996,11.774000000000001
16.47,1.8392999999999997,11.556
6.3675,2.156699999999999,173.29
12.488,1.4337,33.109
17.077,1.1678999999999995,155.7
30.802,2.5993999999999993,177.49
1.71,3.3295,39.935
1.3725,1.5178999999999998,25.46
15.84,3.8771999999999998,10.093
1.2375,2.6439,3.5904
2.025,2.359,2.5129
3.4875,1.7629000000000001,175.69
2.5875,1.0871999999999997,122.83
17.82,2.0794000000000006,171.7
5.6475,1.7777,169.05
4.095,2.7119000000000004,0.9925
1.9125,1.4681000000000002,147.24
1.4175,4.1808,136.56
46.35,1.1711999999999998,140.41
8.01,1.4435,145.7
1.6875,1.4191999999999998,108.83
1.5525,2.1512000000000002,38.77
2.5875,2.6268000000000002,170.03
68.895,2.7565,177.44
43.605,3.2638000000000003,178.75
2.1375,2.2899000000000007,99.79299999999999
1.1925,2.6072999999999995,134.47
5.4,2.8634,12.571
3.105,2.1248,133.72
1.935,1.5699000000000005,162.93
1.1475,1.5202000000000002,150.55
1.4625,1.5624,174.62
1.9125,2.0174000000000003,4.7989
4.6575,3.2455000000000003,172.71
2.5875,1.1575000000000002,92.95200000000001
16.065,4.504599999999999,3.5094
1.08,2.0602,30.785
29.451999999999998,2.9132999999999996,174.65
1.8,1.26,39.059
1.1925,1.7561999999999995,16.595
6.03,1.3641999999999999,120.98
38.97,1.6700000000000002,94.087
2.2725,1.8666999999999996,0.4237
1.215,1.3435,44.39
7.965,1.9411999999999994,161.73
9.2925,1.848,176.41
51.952,1.9266999999999996,159.38
9.4725,2.8208999999999986,179.57
2.79,1.4388,38.914
1.1925,1.2213,25.49
2.8125,2.0837,43.90600000000001
100.24,1.5103000000000004,173.76
4.725,3.4520999999999993,3.301
11.925,2.2172999999999994,0.3085
1.4175,2.4806000000000004,138.95
17.37,1.6622000000000001,16.426
4.0275,2.3626000000000005,162.7
1.0125,1.7572,148.42
28.53,1.7306,170.45
5.5125,1.9150000000000005,103.51
11.857999999999999,2.1650000000000005,164.44
1.4175,1.4812,138.33
1.35,1.1145,71.495
2.1825,1.2367,87.867
3.2175,1.2373999999999996,158.31
23.715,1.4596999999999996,10.69
1.3725,2.0735,22.245
6.4125,1.3649,164.5
2.34,1.2824,84.604
3.105,1.3839999999999995,6.2954
1.44,1.0681000000000003,30.631999999999998
1.755,1.6280000000000001,72.36399999999998
20.497,1.5013,60.957
1.0575,1.7266,114.17
32.31,3.3443,176.63
30.038,2.1619999999999995,22.979
2.835,1.6163,35.773
1.2375,1.3330999999999997,152.12
1.4175,1.5361,125.79
71.055,2.3838,19.069000000000006
22.522,1.2003,36.334
2.565,2.7764,176.98
1.7325,2.3909,124.56
35.077,1.8303000000000011,11.296
2.655,1.5136,172.36
8.3925,1.0250999999999997,107.74
27.517,3.777,17.166
22.478,1.3727000000000003,179.96
1.2825,1.6213000000000002,119.06
1.305,1.5397,7.8195
109.15,1.6390000000000002,38.963
7.2,1.5501000000000007,61.62
13.792,1.6854999999999996,41.155
80.707,1.6290999999999998,155.28
38.092,2.2946999999999997,3.7225
1.35,1.5712,82.794
2.385,2.2532,116.08
1.215,3.2125,179.51
7.2225,1.9288000000000003,123.49
100.53,3.969,4.0236
1.845,1.9627000000000008,177.46
23.647,1.3009000000000002,20.541999999999998
1.845,2.8475999999999995,5.7819
19.395,1.1454999999999993,108.2
10.913,1.2962,107.6
1.08,1.4363999999999997,68.145
15.165,4.608499999999999,0.8529
1.44,1.1541999999999997,42.287
1.035,2.7488,50.044
3.195,1.2668000000000004,161.52
2.07,1.1033,69.722
8.2125,1.2079000000000004,34.223
9.1125,1.4531,7.9856
2.7675,1.4481999999999997,54.301
12.105,2.0527999999999995,168.31
12.172,1.9076999999999997,24.357
9.9,2.1685,93.759
26.346999999999998,2.4446000000000003,16.679000000000002
37.147,1.5799999999999994,157.89
20.858,2.9853999999999994,157.5
8.3925,2.3167,173.42
10.755,2.722899999999999,3.3849
11.07,3.6388999999999996,174.16
89.73,1.8830999999999996,45.663999999999994
32.423,3.0259999999999994,1.1759
3.465,1.2735,20.04
19.913,1.8444,3.0178
8.28,1.9471000000000003,1.7751
2.9025,1.3253999999999997,158.59
2.52,1.7076,113.6
154.01,2.4594,179.74
15.93,1.9495999999999998,166.77
57.915,1.3585999999999998,160.6
17.73,1.4485000000000003,159.49
26.166999999999998,2.031999999999999,177.1
79.83,1.5488000000000004,161.29
3.8475,1.4064000000000003,78.93
8.3475,1.5257000000000003,63.51
3.5325,1.5821999999999996,95.34700000000001
1.53,1.4094999999999998,103.45
49.792,1.5125000000000002,120.16
84.802,1.6795999999999998,157.84
1.9575,1.3929999999999998,160.07
1.0575,2.2328000000000006,154.02
2.79,2.633399999999999,28.784000000000002
5.1525,2.129,165.28
127.93,1.7399000000000004,179.42
2.16,1.8520999999999999,74.167
84.98200000000001,4.0516,169.67
9.5625,1.4894000000000003,18.611
18.99,1.4167000000000007,130.7
10.71,1.3382000000000003,118.63
24.142,2.2124000000000006,175.29
2.9025,2.2665,176.33
4.0275,1.1307,15.216
23.017,1.4282000000000006,96.37299999999999
30.825,1.6572999999999998,0.1259
1.9575,1.7527000000000004,130.69
82.507,2.9399999999999995,175.46
24.93,1.8699999999999994,166.23
83.00299999999999,2.780099999999999,166.1
2.16,1.4432,132.57
6.39,2.2296000000000005,177.34
49.071999999999996,1.3550999999999997,92.00299999999999
3.465,1.1732000000000002,3.5186
2.0025,1.3888,99.6
2.0475,1.2717999999999998,153.21
1.125,3.0166,127.44
40.118,2.4088000000000003,179.16
2.385,1.7909000000000004,4.0243
27.788,2.1452,9.943999999999999
48.938,1.6740000000000004,18.136
7.7175,1.4391,172.7
17.865,1.6438999999999997,21.454
3.6,1.3663,94.417
1.215,1.6776,0.4268
4.995,1.1424,47.957
3.6675,1.9211999999999998,51.974
1.89,1.9029999999999998,109.6
2.6775,1.3159999999999998,83.304
2.115,1.6480000000000001,97.76700000000001
5.715,1.9418000000000002,145.86
4.725,1.8715000000000002,177.9
1.8,2.1373999999999995,148.23
2.4525,1.1837999999999995,52.198
2.0025,1.2564,141.56
10.755,1.5148999999999997,0.3256
1.8225,2.6634000000000007,34.091
1.3275,1.5714999999999997,150.63
3.555,1.277,7.9257
22.747,1.8740000000000003,5.4789
30.712,2.3856,11.472000000000001
1.755,1.4615,24.0
76.59,2.866600000000001,0.6734
149.56,2.869,7.5904
1.035,1.3828999999999998,43.082
3.6675,1.8982000000000006,13.45
1.1475,1.6764,167.78
77.535,1.2079,10.193999999999999
1.5075,1.3087,148.35
12.937999999999999,1.2112,17.004
2.115,1.4929000000000003,81.398
7.11,3.7630000000000003,12.368
1.935,1.4130999999999996,136.67
7.29,1.5389000000000004,48.257
7.0425,2.9196999999999997,2.7339
2.7,1.3392,20.000999999999998
2.6775,3.3520000000000003,174.72
1.8225,2.2608000000000006,46.256
16.38,2.0125999999999995,175.6
19.215,1.4888,37.366
2.6775,1.1613999999999998,8.2472
4.2975,3.3004999999999978,24.322
1.7325,1.3753,50.667
1.3275,1.5625000000000004,36.519
13.297,2.1294999999999997,60.019
34.875,1.3172999999999995,129.76
7.7625,2.7694000000000005,171.14
3.9375,3.0873,5.1104
2.7225,2.5052,164.35
16.65,3.4106,179.07
3.69,2.3958999999999997,167.1
2.4525,1.6373,26.825
1.7325,1.7214999999999998,153.06
9.135,2.5008999999999997,179.16
2.115,1.6585999999999999,78.757
1.7775,1.1619,33.132
5.58,1.6263,168.98
29.07,2.6118,7.7293
84.848,2.4764,165.03
9.315,1.7028999999999996,13.717
2.88,1.6400999999999994,6.2222
1.0125,1.9682000000000002,0.9071
1.4625,1.3695,5.4211
6.705,3.4219999999999997,122.5
102.35,2.994,0.7415
1.71,1.6829,119.89
6.8625,2.801499999999999,32.385999999999996
1.3275,1.8022000000000005,169.48
18.09,2.1414,7.5993
8.775,1.4262,123.66
195.01,3.0984000000000003,3.4112
3.015,1.4517000000000004,179.67
3.375,2.8428,171.7
1.305,1.4759,128.5
7.875,2.2455999999999996,8.2349
1.6875,1.3575,25.674
2.97,2.1643000000000003,167.18
12.307,2.1735,146.4
2.52,1.4600000000000002,61.742
23.49,3.4259,176.32
24.458000000000002,2.2687999999999997,145.68
5.1075,3.409299999999999,173.11
7.29,3.0218000000000003,161.6
4.4325,3.2519,170.03
7.4475,4.773,44.62600000000001
1.395,2.067,3.3067
11.7,1.5419000000000007,32.805
66.848,3.4740999999999995,0.3395
1.0575,3.3074000000000003,11.123
21.645,1.4793000000000005,76.253
5.6025,1.6997999999999998,6.5399
61.222,1.7463000000000002,5.2555
21.622,1.9785000000000001,176.51
1.26,3.338000000000001,162.61
51.84,2.1860000000000004,164.71
2.0025,1.5189,94.14399999999999
2.0025,1.4456,38.31800000000001
6.2775,2.1817,5.3996
41.647,2.0376000000000003,159.59
8.9775,1.8388999999999998,29.215
83.948,1.4173999999999998,142.7
5.13,1.4226000000000003,170.18
131.63,2.6242,175.65
12.24,5.568999999999998,177.61
5.9625,1.6087000000000005,31.191999999999997
2.7225,1.5676999999999996,134.59
49.028,1.3187,156.98
3.555,2.0143999999999997,174.31
28.823,1.3941999999999999,5.3326
9.0,1.8158,3.8216
1.6875,1.4407000000000003,168.78
135.54,3.569099999999999,176.77
108.7,1.8889,168.07
19.552,4.369700000000002,173.15
6.75,1.9611000000000003,47.98
35.75199999999999,1.7847,148.48
3.78,1.5988999999999998,170.46
16.808,3.3776000000000006,6.0217
8.1225,1.6963000000000001,145.15
1.3275,1.1300000000000001,162.3
4.185,2.2173999999999996,6.2484
12.802,1.5579,24.77
9.7875,2.4527999999999994,176.14
1.665,1.4090000000000003,126.99
1.1025,2.0443999999999996,49.262
1.305,2.0261999999999993,168.92
3.4875,2.6954999999999996,171.51
13.59,3.877199999999999,3.2509
5.13,1.1857,160.5
16.942,2.4052000000000002,173.77
1.7325,1.5556000000000003,159.26
3.2175,1.3375000000000001,86.469
2.5425,3.0201,62.363
2.25,1.6463000000000003,82.23299999999998
5.04,1.2654999999999996,64.65
120.98,3.1619,167.86
1.4625,2.3205000000000005,30.353
1.1925,2.817199999999999,25.662
19.147000000000002,1.1379,4.5975
2.7225,1.3166,59.565
11.205,3.0814,22.393
28.035,1.4955999999999998,20.62
18.923,3.1342,4.6897
7.7175,1.9633000000000005,17.813
3.8475,1.3315999999999997,9.6766
18.45,1.9081,29.846999999999998
1.3725,1.1153,45.731
7.83,2.0705,3.9905
3.0825,1.6138000000000003,94.709
3.4875,1.2473000000000003,2.0608
27.563000000000002,3.3477,174.46
12.578,2.0837,171.42
1.89,1.3081999999999998,170.09
42.772,1.2505999999999997,179.43
1.575,1.4959,146.74
3.4425,1.9826000000000001,3.9885
1.125,3.4309000000000003,7.6629999999999985
3.3975,3.0317000000000007,42.19
15.953,2.3799,162.5
2.5425,1.1974,4.9527
1.44,2.1656,153.95
2.25,2.3851000000000004,5.092
52.515,1.9502000000000002,142.91
8.8875,2.0192000000000005,67.218
7.065,1.3678000000000001,44.31800000000001
2.655,1.5035000000000003,100.83
2.9025,1.8844,11.66
1.89,2.548599999999999,13.365
2.8575,1.7127000000000001,26.291999999999998
6.525,2.8038,176.04
32.287,4.740100000000001,2.0584
1.035,2.0732,44.49
64.215,1.9126,176.89
2.925,1.3738999999999997,38.559
32.196999999999996,1.7495,168.8
64.643,1.4331000000000003,156.23
3.4875,2.9127,141.83
1.17,2.4047,105.01
6.5475,1.3840000000000001,175.3
1.0125,2.3058,0.7389
1.08,2.3196999999999997,114.87
1.215,1.64,164.84
36.72,1.7122999999999995,4.5538
10.17,2.7162000000000006,176.83
34.313,1.2513,167.92
1.1475,2.8880999999999997,40.015
2.385,1.2251,38.299
1.0575,3.9978000000000002,9.0542
12.33,2.7578000000000014,4.9548
7.83,1.8313999999999997,159.18
10.102,1.3654,64.433
2.655,2.6016999999999997,16.093
3.0825,1.7999,36.699
2.1375,1.3474000000000004,79.605
36.607,1.9896000000000005,140.46
52.76300000000001,2.1688999999999994,169.46
13.387,1.9371000000000003,173.91
1.53,1.4282000000000001,76.96300000000002
2.7,1.2596,176.13
1.3275,1.6193000000000002,152.37
23.288,3.2274000000000007,9.9839
6.3675,1.5752000000000002,5.1846
48.915,1.5866,146.84
24.052,2.3700999999999994,165.89
29.948,2.5466999999999995,2.5967
24.48,3.3451999999999993,178.08
1.08,1.9249999999999996,42.54600000000001
11.835,2.207700000000001,126.4
39.465,1.1608999999999998,74.938
2.2725,2.0095999999999994,47.799
22.05,1.8272000000000002,124.93
1.44,1.9758,112.56
3.8475,1.415,128.05
5.2875,1.3149999999999997,100.19
4.05,1.6735,127.24
20.835,2.5621000000000005,142.55
1.26,2.4913999999999996,161.27
23.691999999999997,1.9648,22.644000000000002
1.9575,1.3790000000000002,77.195
27.135,1.9794000000000007,173.32
2.7,1.8902999999999994,166.13
3.4425,2.045,167.08
68.535,1.9712999999999998,171.92
1.125,1.2919,14.402000000000001
1.7325,1.6503,5.2905
12.6,1.6482000000000006,85.95200000000001
38.048,1.5055000000000003,165.27
15.12,1.902,168.56
6.7725,1.5617,149.45
11.047,1.6660000000000001,10.775
33.075,2.0045,154.07
11.632,1.8775000000000002,83.569
1.395,1.1739,92.361
334.53,2.601500000000001,13.017000000000001
43.83,1.5165000000000002,170.86
3.33,1.1794000000000002,83.61
20.497,2.0587,144.73
1.5975,3.4109000000000003,13.757
5.94,2.5801999999999996,171.1
10.845,1.6066999999999998,158.64
1.7325,1.3712000000000002,103.15
11.137,1.8261999999999998,101.91
89.055,2.9295999999999998,174.5
3.105,1.3463999999999998,20.741999999999997
2.88,1.9931,175.8
1.7775,1.4829,179.62
3.0825,1.5790999999999997,114.68
6.615,1.7627999999999997,173.15
55.597,1.5903999999999998,176.07
3.015,1.5601999999999998,159.23
35.55,1.1965000000000001,38.72
71.91,2.3931000000000004,172.66
81.27,1.5182,2.3362
2.16,1.4007000000000003,132.9
1.7775,1.4993,178.72
15.12,1.3283,99.84
3.285,1.8090999999999997,5.6965
3.3525,1.3556999999999997,48.119
5.67,2.2513,5.7154
8.775,1.6995999999999996,21.69
7.3125,1.2923000000000002,179.26
1.9125,1.3962,63.762
1.035,1.499,111.74
2.9925,2.6497999999999995,1.1713
3.1275,2.1755,4.5767
58.298,1.7383000000000004,7.1088
64.598,1.809,7.2934
12.398,1.2949999999999997,8.1507
14.49,1.1463000000000003,165.15
21.218000000000004,1.347,33.999
6.6825,2.2069999999999994,171.33
35.595,1.0684999999999998,31.826999999999998
1.2825,1.5868,121.45
3.87,1.5689999999999995,149.5
1.305,2.2072,121.75
30.96,1.8333999999999995,167.84
4.9725,1.6328,167.38
41.13,1.3148000000000002,35.559
67.68,4.326999999999998,177.13
22.23,1.3187999999999998,80.27600000000002
10.642000000000001,2.6689,118.19
21.487,1.9357,169.5
2.0925,1.3187000000000002,134.77
18.855,1.1725,145.22
5.1975,1.9406999999999999,116.76
2.7,1.1553999999999998,165.79
1.35,1.3488999999999998,163.73
8.1675,1.869699999999999,178.74
3.78,3.1251999999999995,31.639
2.2725,2.6904,26.82
7.92,4.219900000000001,169.68
6.2775,1.6042,6.5174
124.56,2.375,2.9283
16.177,3.483600000000001,6.6423
2.1825,2.5756,55.364
3.1275,1.6098,155.88
1.125,1.7733000000000003,45.239
3.33,1.3285000000000002,105.05
1.0575,1.8646999999999998,166.04
4.725,1.9176,164.96
10.057,1.1800999999999995,48.968999999999994
2.52,1.1485000000000003,13.924000000000001
3.4425,3.827500000000001,163.48
2.1825,1.2975,92.648
1.7325,2.0720000000000005,21.404
1.395,1.7574999999999998,79.78699999999998
1.035,1.3359999999999999,145.41
5.805,2.0707000000000004,175.05
31.905,1.7784999999999997,176.21
14.107999999999999,2.2025999999999994,139.06
1.4625,1.6483,174.22
43.38,1.7664000000000004,4.1556
41.67,1.5423000000000002,103.5
1.1025,1.6584999999999999,93.45700000000001
2.34,1.3691000000000002,158.86
6.5925,1.4036000000000002,122.86
1.125,2.7176,170.26
56.655,2.7751000000000006,179.91
1.125,2.2395000000000005,165.09
135.85,1.4960999999999998,41.342
6.615,1.6816999999999998,60.26600000000001
54.787,1.7478000000000002,10.218
1.6875,1.2250999999999999,96.383
9.2925,1.1788000000000003,159.04
1.305,1.4566999999999999,60.75100000000001
31.656999999999996,1.3034999999999999,125.16
120.56,2.3890000000000002,4.7075
5.7825,1.9241000000000004,164.44
1.62,1.0947999999999998,165.57
5.58,2.4101999999999992,3.7003
1.035,1.3844,147.3
50.625,2.1598,177.26
1.0575,1.5804,94.169
81.293,1.5630999999999997,178.15
6.255,1.9514999999999996,95.28
7.47,1.7676000000000003,159.54
1.395,3.6410000000000005,6.1494
3.4875,1.1227999999999998,136.85
1.7775,2.7502999999999993,2.9946
13.972000000000001,2.5539000000000005,86.1
1.935,2.2085,140.4
3.42,1.4095,34.63
12.24,2.018100000000001,18.021
1.71,1.1886999999999996,115.08
1.2375,1.2275,149.81
13.342,1.383,154.5
222.14,2.6548000000000007,16.724
1.9575,1.8302,42.661
2.115,1.6436,155.8
1.17,1.3144,106.69
35.213,3.0746,176.09
6.3675,1.1095,98.178
8.7525,2.4462999999999986,7.7384
5.8275,1.3527000000000002,69.6
1.0125,1.6015999999999995,60.341
1.7775,2.1501,174.22
2.745,1.2942999999999998,141.05
1.215,2.0224,170.06
1.9125,2.9024,176.32
5.8275,1.7128999999999999,3.7689999999999997
5.625,1.9717999999999998,143.12
2.0925,3.1119000000000003,70.669
3.915,2.0538,5.8284
5.3775,1.1619999999999997,116.59
1.1475,2.4210999999999996,176.31
5.6925,1.4652999999999996,115.2
1.2825,1.7227,16.172
5.76,1.5802999999999996,11.623
1.7775,1.7339000000000002,132.05
1.8675,1.5632,3.7469
211.14,5.6229999999999976,176.99
21.308000000000003,4.2377,171.3
15.885,1.2242,29.463
2.5875,1.6203999999999998,119.1
15.66,1.5957000000000003,170.48
2.5425,2.0801,160.69
2.925,1.3062000000000002,155.89
11.092,1.2374,165.72
4.7025,1.6689,157.6
1.2825,1.3702999999999999,152.54
16.515,2.7883999999999998,13.749
73.46300000000002,1.3825999999999992,135.83
8.19,2.2806999999999995,168.8
17.843,1.6218000000000004,15.770999999999999
1.8675,1.4809999999999999,72.796
18.99,2.6129000000000002,168.86
12.443,1.1857,47.518
1.5525,1.8448999999999998,20.654
2.7675,1.9221000000000001,171.07
4.6125,1.7328000000000001,28.855
76.545,3.374000000000002,11.424000000000001
2.16,1.4257000000000004,69.505
2.385,3.0091,40.44300000000001
1.89,5.2184,42.74800000000001
1.44,1.1665,51.544
1.3275,1.4224999999999999,18.058
2.2275,2.8383999999999996,28.785999999999998
55.26,1.8842000000000003,178.44
95.85,1.6547999999999998,156.3
17.528,1.4721000000000002,92.206
3.96,1.7307,15.575
12.667,1.4128000000000003,166.91
25.941999999999997,2.0317999999999996,176.11
1.0575,2.0635,79.29
1.8675,1.3054,3.3567
1.62,1.6893,143.82
1.125,1.7393,27.811
22.185,2.0153999999999996,0.1062
21.308000000000003,2.3309999999999995,5.4056
4.32,1.6141999999999994,176.13
9.54,1.9422,172.22
11.812999999999999,2.7343,175.72
211.37,1.8357999999999997,162.03
1.395,1.7997000000000003,177.14
2.835,1.9606999999999999,86.258
2.07,1.2122,126.31
83.52,5.569099999999998,169.46
1.53,4.1054,146.4
11.07,2.1337999999999995,72.612
381.24,2.4718999999999998,164.98
1.3275,3.8665000000000007,18.808
1.3725,2.0569,173.5
1.71,2.6725,146.15
62.865,2.4662,179.03
1.125,1.8158000000000005,171.39
4.0725,1.3034000000000003,91.14200000000001
29.272,1.4692999999999998,2.8477
1.9125,1.1435,36.665
1.035,1.2545999999999997,161.31
3.015,2.592,11.360999999999999
1.9125,1.4338000000000002,60.475
116.84,2.0201,7.6208
1.6425,1.2461000000000007,26.19400000000001
67.815,1.5599,21.344
2.97,1.5876000000000006,170.17
16.02,1.5277999999999998,49.815
21.712,3.8438000000000003,178.9
23.333000000000002,1.5555000000000003,6.7917
1.305,1.2557999999999998,92.478
206.53,3.3003999999999993,4.3578
3.0825,1.498,2.8517
2.6775,1.4106,87.79700000000004
9.7425,2.1489999999999996,35.613
11.453,2.1877,144.51
2.88,1.4755000000000003,151.96
41.895,2.327899999999999,141.15
102.4,1.9281,164.5
114.93,3.5729,2.5796
13.837,2.2307,101.46
53.88800000000001,1.6987999999999996,143.14
7.605,1.9755000000000005,151.98
2.655,2.3196000000000003,154.29
20.475,1.3654999999999997,176.01
1.44,1.6984999999999997,102.12
4.95,1.083,14.92
13.995,1.6001999999999998,156.87
2.025,2.8087,8.4252
13.14,1.9264,147.24
1.08,1.4413,2.6453
12.307,2.3824000000000014,171.22
7.5375,1.1316999999999995,96.59299999999999
2.97,1.4085999999999999,35.908
6.8175,1.5225,7.6637
3.3075,1.5077000000000005,55.244
71.798,3.6225000000000005,3.8418
1.5525,1.6055999999999993,122.9
53.64,2.4181,14.449000000000002
2.205,1.2306000000000001,11.093
10.17,1.27,21.268
59.107,4.0221,6.1309
2.34,1.8218000000000005,25.421
16.673,2.1961,14.81
3.285,2.7287,178.67
11.7,1.5743999999999996,177.67
24.728,5.486300000000001,179.47
2.79,1.0552999999999997,74.751
120.19,1.9810999999999999,175.85
1.1925,1.9258999999999997,42.422
12.465,3.5622000000000007,1.5453
2.7675,1.9027,125.51
1.2375,1.9126000000000003,3.8244
5.49,3.1501000000000006,26.879
1.71,3.858600000000002,70.933
3.78,1.1989999999999996,122.7
2.115,2.5761,163.54
1.5525,1.7368,123.92
8.73,2.6490999999999993,28.643
1.44,1.5127000000000002,123.75
1.08,1.5034000000000005,127.5
1.62,2.5991,7.4552
1.2825,1.7539999999999998,93.03399999999999
7.3575,1.2606,21.837
2.5425,1.8974999999999995,99.54299999999999
36.45,6.457700000000001,176.85
1.89,2.3741,67.82300000000001
1.9575,2.2058000000000004,167.85
95.4,2.9130999999999996,177.97
1.2375,1.9488,165.37
2.0025,1.5221999999999998,101.29
1.08,1.3781,48.227
11.16,1.8558000000000003,22.5
26.955,2.055800000000001,17.672
1.44,1.644,87.584
2.3175,1.3419000000000003,30.747
1.755,2.6207999999999996,127.31
1.0125,2.6898,177.62
3.195,2.0634,123.1
3.6675,1.5023999999999997,177.28
1.26,1.3862,40.346
7.9425,1.7076000000000005,1.4886
2.16,1.6482000000000008,7.3561
7.3575,1.1532000000000002,163.09
1.485,1.8183,164.27
2.3175,1.6262000000000005,154.54
1.0125,1.5200999999999998,102.79
95.91799999999999,1.2813,166.21
4.7925,1.5028000000000004,156.81
3.015,1.2260999999999997,126.78
163.08,5.365199999999999,175.23
2.3175,1.5424000000000002,2.7191
5.7375,2.8172,56.198
4.8825,1.3636999999999995,132.52
14.333,4.3944,177.45
6.5025,2.1702,177.67
108.07,1.6711000000000005,17.243
4.6575,2.2827000000000006,157.71
14.828,1.5021000000000002,160.95
1.98,1.5093,59.213
1.6425,2.6320000000000014,19.237000000000002
10.507,1.6856000000000002,12.128
1.26,2.9630000000000005,0.6513
1.8225,1.3584,74.479
3.3525,2.7787,7.7457
2.0475,1.8704999999999992,11.181
18.27,1.1459999999999997,121.72
10.485,2.7409,8.8057
3.06,2.2351,5.7313
1.08,1.5103999999999995,95.84899999999999
5.3775,2.6584000000000003,132.72
12.038,1.7949,86.12
1.485,1.4194,129.99
5.1975,1.7913999999999997,176.14
2.97,1.5360000000000003,58.428999999999995
1.0125,2.3699,160.34
43.785,1.4240999999999995,142.77
7.965,1.8422000000000003,173.87
3.69,1.9349999999999998,166.54
2.835,1.2979999999999998,61.387
80.257,2.0432,11.852
75.285,2.6407000000000003,166.86
1.125,1.0808,158.11
1.4175,1.9705999999999997,160.2
1.3275,1.7767,129.81
9.315,1.4936000000000003,102.02
1.89,2.7149000000000005,18.301
8.73,1.4744000000000002,152.71
8.235,1.2719000000000003,108.36
3.645,2.4254,177.5
21.42,1.3028,134.2
9.63,1.4478,12.58
8.595,1.8033999999999997,2.0951
22.095,2.7133,165.36
4.275,1.9976,171.38
5.985,1.6783,1.9469999999999998
6.255,1.2835000000000003,157.62
5.85,3.1566999999999994,96.927
6.2325,2.5287,25.018
4.3425,2.9267000000000003,86.745
152.24,2.9021999999999997,176.64
4.8825,1.8242000000000005,150.63
6.4125,1.4871999999999996,23.929000000000002
2.7225,3.7840000000000003,89.87899999999998
2.4975,2.9160000000000004,80.749
51.458,2.2854000000000005,158.8
1.35,1.6096,67.828
1.9575,1.5451,89.811
68.19800000000001,2.3263,164.57
2.205,1.6132999999999993,123.99
3.1275,1.7687,15.946
1.98,2.9597,31.575
36.99,1.7682,8.0295
105.57,3.3782999999999994,173.0
1.1925,2.0507999999999997,161.9
65.88,2.3968,173.74
25.515,1.3088000000000002,100.5
37.37300000000001,1.1899999999999997,51.617
32.085,2.3202000000000003,176.97
55.463,2.514299999999999,6.7416
6.1875,2.278000000000001,168.09
8.55,1.5592000000000001,1.5763
2.025,2.5903999999999994,158.84
6.165,1.8383999999999998,119.84
1.0125,2.7778,33.868
2.07,1.1763999999999997,102.19
4.2075,1.8802999999999999,39.585
1.1475,3.2323,28.209
2.655,1.1288,23.0
18.788,2.1016999999999997,177.51
1.9125,1.2775000000000003,148.18
4.3875,2.7630999999999992,94.973
52.2,2.638900000000001,0.5355
5.2875,2.3474,40.086999999999996
17.122,1.5441999999999998,7.4369
8.865,1.7426999999999997,162.92
2.3625,3.0356999999999994,5.7643
61.11,1.1789000000000003,26.419
3.51,1.6386,9.3863
1.6875,1.4409,64.538
4.86,1.3004,147.27
2.475,1.4191000000000003,40.575
1.125,2.0774,20.825
1.1025,1.3437,48.766999999999996
4.3875,2.6593999999999998,2.7554
4.77,1.5289000000000004,167.89
29.205,3.0669,4.1093
9.63,1.7213999999999998,172.76
1.44,2.1848999999999994,36.81
6.8625,1.6157000000000004,102.34
11.295,2.4651000000000005,4.74
4.545,1.4420000000000002,156.51
2.88,1.3978,155.86
1.1475,1.1915000000000002,103.42
15.57,1.8487000000000005,153.62
27.743000000000002,1.7349,145.03
12.667,2.8406,173.93
80.685,2.4311000000000003,1.874
13.32,1.4309000000000003,155.44
62.033,2.1199,179.5
15.592,2.0886000000000005,173.37
7.965,1.4134,2.3996
1.26,1.4855,33.24
23.872,2.0815999999999995,148.3
3.465,2.4938999999999996,77.056
5.8275,1.8432999999999997,55.33600000000001
17.528,1.5077999999999996,136.46
7.6275,1.5267999999999995,124.65
3.87,1.4185,14.832
1.305,2.0616,160.67
3.5775,1.7244,43.288000000000004
2.8575,1.7368999999999999,13.155
8.2125,2.2877999999999994,173.12
32.287,2.0945000000000005,15.073
40.611999999999995,1.8679,15.706
4.4325,1.2572999999999999,93.404
9.5625,3.930400000000001,157.52
22.343000000000004,1.7360000000000002,175.29
1.2825,1.0509999999999997,64.02
2.61,1.6829999999999998,175.97
1.0125,1.6593000000000004,97.061
1.4625,1.2764999999999997,113.65
17.145,1.1486,5.2137
1.53,2.3257,135.91
20.631999999999998,1.4803,41.897
5.5575,5.0197,11.392999999999999
1.35,1.7658,47.34
3.9375,1.4294,47.875
1.755,1.6087999999999998,41.455
1.17,1.2253,85.42
1.26,2.5731,85.459
56.43,3.6776999999999997,0.9725
18.157,4.028300000000001,170.48
10.777999999999999,2.1947,154.45
1.845,3.2510000000000003,144.49
2.2275,2.4438999999999997,1.7426
1.0575,2.548399999999999,111.07
1.3725,1.4717000000000002,176.85
1.44,2.681600000000001,10.722999999999999
6.5475,1.8040000000000003,51.62300000000001
15.142000000000001,1.5066,161.75
2.655,2.2199,150.89
1.5075,1.3122000000000005,151.31
1.9125,1.4803,50.659
1.845,1.1463999999999999,65.684
2.745,1.8564,154.66
19.507,1.7487999999999997,174.31
5.13,1.7803000000000002,70.946
19.012999999999998,2.749699999999999,176.43
8.7975,2.4758,175.74
1.395,1.2139999999999995,3.3048
9.135,1.2604,5.0092
1.8,1.4349000000000003,89.096
1.0125,1.3186999999999998,28.166
1.5075,1.5055,52.20399999999999
3.4875,1.2989999999999997,176.82
1.125,1.3773999999999997,33.18
4.1625,1.4666999999999997,170.47
5.2425,1.1425999999999998,107.81
11.16,1.8683999999999996,0.6394
15.66,2.9498999999999995,179.12
6.7275,1.4271,178.95
6.7725,1.6992000000000005,22.529
10.148,4.048299999999999,168.33
7.425,2.6931000000000007,1.9667
2.7,1.5294,34.435
4.0275,2.2204999999999995,170.99
3.735,1.3221,158.74
4.185,1.2006000000000001,179.92
4.8825,1.9171000000000002,164.62
8.7975,4.1944,0.0975
1.8675,2.2951,168.15
1.3725,3.7068000000000003,8.3997
2.7,1.4731999999999998,1.2242
3.645,2.3059,7.8312
1.2375,1.5174,0.8836
3.87,2.2392,175.34
4.455,4.108699999999999,176.44
1.215,2.1093999999999995,158.97
1.035,1.8285000000000002,157.85
4.86,5.493200000000001,178.26
2.025,2.8815,5.8154
1.125,2.0238000000000005,177.88
4.48,1.7485,97.627
138.28,3.9299999999999997,166.78
1.44,2.613999999999999,177.46
6.28,2.344,165.15
5.44,3.1562,178.61
2.12,2.4318,176.87
1.32,1.7442999999999997,171.0
1.6,1.2457000000000005,99.896
1.68,2.2083,172.99
5.92,1.7895000000000008,114.48
19.16,2.4530999999999996,5.5412
3.24,2.919800000000001,130.69
1.16,1.3222999999999998,107.62
2.68,1.5103999999999997,55.66
4.72,1.6135000000000002,12.951
3.6,2.4611,30.248
7.84,2.7853000000000003,5.1742
1.04,1.5123,124.05
4.32,1.3824000000000005,167.24
19.64,2.9774,176.38
13.36,1.4017,0.0161
4.52,1.5602999999999996,162.26
1.48,2.4409,4.9146
9.36,1.6629,179.64
6.6,1.4019999999999997,26.333
1.2,2.4009000000000005,137.26
8.08,2.6660999999999997,176.45
2.08,2.492,58.067
12.8,1.2027,2.4486
8.2,1.401,176.43
4.84,1.0306000000000002,127.76
1.64,2.4144,176.29
3.96,3.063600000000001,153.65
3.12,2.8963,137.61
5.6,1.8059999999999998,72.829
1.24,3.2402000000000006,96.198
116.68,3.8888999999999996,1.5781
1.8,5.0978,96.5
3.8,1.4279999999999997,118.69
150.96,2.1645000000000003,169.12
2.08,1.3956999999999995,110.71
13.36,1.8557000000000001,135.04
1.16,1.6213,94.301
88.8,1.4497999999999998,4.3525
1.52,2.5881000000000003,133.39
1.44,1.5825000000000005,149.2
4.24,2.0868,153.94
1.28,1.4282,11.864
22.76,1.941900000000001,161.95
20.32,1.6806000000000005,169.05
1.84,1.1384,120.64
1.52,1.9644999999999997,177.59
1.64,2.3883,177.59
2.8,2.5667999999999997,144.71
38.44,1.8376999999999994,179.24
1.44,4.1714,120.21
1.04,1.6659999999999997,122.97
5.44,1.5746000000000004,157.33
2.36,1.0883999999999998,102.74
28.84,1.3501,27.796
33.04,2.5441999999999996,88.131
2.36,1.3621999999999999,26.434
24.32,2.8187999999999995,174.88
3.16,1.0926,172.15
14.4,1.2884,37.968
10.92,2.3589,167.07
1.76,1.7052999999999998,84.42399999999998
20.76,1.474,38.931
3.16,2.3178999999999994,8.3174
3.24,4.0408,19.169
2.44,1.6233000000000002,51.455
2.72,1.4335,0.7921
9.48,1.6146999999999998,153.96
1.8,2.5024000000000006,164.24
1.36,1.3081999999999996,85.96600000000002
14.72,1.4163,51.17
8.04,2.8761000000000005,7.0577
2.0,1.5655,62.041
1.8,2.159199999999999,123.93
10.12,2.5611000000000006,172.64
6.84,1.3033999999999997,30.91
1.12,2.7172,143.0
1.36,1.8062,66.277
27.32,2.4369000000000005,4.5857
1.0,2.0793,157.99
42.48,1.7721999999999998,156.63
3.6,2.0207000000000006,178.93
1.28,1.7502,114.39
6.2,1.5805,174.64
16.92,1.414,146.14
32.08,2.0088999999999992,11.069
1.16,1.9683000000000002,146.98
7.16,2.0745,33.345
8.8,1.4821999999999997,153.16
5.96,2.5109999999999997,1.0526
2.76,1.9048,2.7118
10.44,1.5109000000000001,21.927
1.72,1.9827,3.067
1.16,3.0275999999999996,148.78
48.84,4.657300000000002,3.5902
1.0,1.4624999999999997,17.285999999999998
24.36,3.5047,13.869000000000002
2.6,3.1003000000000003,5.3534
1.0,2.0296,149.36
1.52,1.5315999999999999,156.24
1.52,2.7028000000000008,28.246
2.12,1.6360999999999999,53.291
1.0,1.6221000000000003,1.733
2.84,2.1114,1.8968
1.32,1.7568000000000001,3.4053
1.32,2.4368000000000003,167.5
1.0,1.7581,31.283
35.88,1.3786,20.468
2.44,3.849,6.1239
26.56,2.2464,163.17
4.28,2.3054,8.4143
69.44,2.2626,0.0667
2.56,1.7663000000000002,5.1297
103.44,1.4749000000000003,149.38
8.96,2.6506000000000007,16.042
14.64,2.6142000000000007,152.37
101.0,3.5711000000000013,169.63
1.32,2.2462,147.88
1.24,1.8880999999999997,156.48
6.56,3.8156000000000003,3.2114
8.12,1.911,179.41
2.8,1.6323000000000003,35.30699999999999
3.72,2.1872,17.836
3.52,2.3025,0.4769
198.68,5.2859,179.56
1.92,1.5914999999999997,17.385
2.2,3.9989000000000003,9.1879
1.8,1.379,38.603
2.52,1.4543000000000001,168.41
1.16,1.4032000000000002,73.87100000000002
1.32,1.0752999999999997,151.32
3.28,2.4927,175.4
1.08,1.4087,164.47
25.84,2.4705,175.49
5.92,2.7436999999999996,2.9371
5.6,1.5769999999999997,1.2909
4.68,1.4197000000000002,23.995
2.28,2.1346,172.85
10.64,1.6863999999999997,16.707
2.0,1.2188999999999999,46.176
109.56,1.4757000000000002,7.12
48.12,3.1540999999999997,1.9014
7.24,2.3074000000000003,169.46
25.68,2.6106,11.483
2.96,1.3674000000000002,178.42
3.44,2.4202,19.07
7.0,3.900800000000001,176.42
4.12,2.1200000000000006,52.125
12.48,1.6703000000000001,178.76
1.92,2.8002000000000007,175.82
2.08,2.0127000000000006,146.74
3.44,1.3022,156.41
10.24,2.176400000000001,11.977
13.32,2.7015,161.68
2.68,1.1879,150.3
25.44,2.4564,29.041
18.76,1.7082000000000002,12.191
1.56,2.3585999999999996,88.682
71.12,2.4384999999999994,177.4
1.04,2.192,22.666
30.84,1.9989000000000006,4.9861
89.8,1.4231000000000005,167.62
26.04,3.7756,174.23
30.84,2.0069,10.51
4.6,1.3043999999999998,41.583
1.68,7.721900000000001,0.758
14.2,1.3119999999999996,178.33
5.12,2.3544000000000005,5.3996
9.4,1.9770999999999994,158.32
2.0,2.8943999999999996,178.78
63.52,2.3001,148.62
17.64,3.3731,4.8136
1.32,1.5939,16.047
1.32,2.7958,22.479
21.84,3.1299999999999994,179.8
6.4,7.9349,170.61
7.88,2.1613999999999995,22.368
1.08,2.0433999999999997,179.68
1.56,2.0891999999999995,151.42
4.24,2.6124,15.142
3.96,3.799700000000001,1.1011
7.32,3.3254999999999995,178.82
4.0,1.4660000000000002,119.35
1.6,1.1244999999999998,12.901
1.16,6.381899999999999,173.63
2.96,1.6786999999999999,16.379
34.72,2.2631999999999994,158.66
24.08,2.9106,7.5817
1.96,2.4148000000000005,167.13
2.08,1.4116999999999997,80.895
1.04,1.4207999999999996,49.01300000000001
1.04,2.5601,161.0
2.64,2.5192,14.36
40.04,3.5859000000000005,173.67
1.28,1.105,150.8
18.32,3.1226,147.49
21.08,2.4957,18.344
16.2,1.5853999999999997,2.8675
1.4,1.7184999999999997,26.983
1.12,1.8647,6.3118
29.4,5.7607,175.64
3.56,1.4954,144.7
13.96,1.2929000000000002,139.52
58.32,2.3204,3.9325
9.88,1.8617000000000006,1.4159
1.08,1.2968000000000004,24.99
6.68,3.2552000000000008,163.3
26.36,5.4845,162.7
3.12,1.3320999999999998,150.05
2.12,1.8105000000000004,17.044
32.4,5.7246,175.4
1.16,2.0235,172.34
5.08,3.0834000000000006,87.286
5.6,1.2495000000000005,18.966
6.84,1.7197000000000002,162.75
2.16,2.6143999999999994,5.0234
17.08,2.339,25.284
1.28,4.119699999999999,135.94
2.36,2.793600000000001,154.15
1.2,3.3800999999999997,10.918
74.28,3.587600000000001,6.5959
3.24,1.5916000000000003,171.01
9.48,3.0352,11.264
2.84,1.4993000000000003,2.3256
1.04,1.5103999999999995,134.45
6.84,3.1033000000000004,165.17
52.96,2.8984,176.17
3.08,1.7106999999999994,170.65
11.44,2.1892000000000005,176.21
9.68,3.7023,11.31
7.44,2.1922999999999995,0.006999999999999999
1.2,1.1965,115.3
1.08,1.3427999999999998,173.36
1.16,1.8761000000000003,147.7
11.48,1.2924,169.61
5.32,5.1819,177.85
2.72,4.6476999999999995,172.51
2.16,2.1407,20.29
1.88,2.0951000000000004,20.302
3.64,2.0019000000000005,152.95
1.36,1.5304,144.17
19.52,2.6748000000000003,165.25
6.96,2.1219000000000006,128.94
2.64,1.7643000000000002,176.48
7.92,1.4823000000000004,153.78
39.52,1.9678000000000002,2.7608
1.08,1.3443000000000003,129.16
121.68,3.1209000000000002,7.271
2.8,3.3691000000000004,179.43
3.84,1.2905999999999995,23.52
5.76,1.8119,1.5697
1.2,2.1038,14.455
2.88,1.1011,32.725
1.0,3.0962000000000005,159.7
3.04,3.8926000000000003,2.9749
1.36,2.3424,175.65
10.68,1.6498,174.61
26.24,3.817800000000001,173.98
1.12,3.295200000000001,156.85
2.64,1.3612000000000004,70.45100000000002
2.12,3.4631999999999987,8.8247
3.12,1.7455000000000003,13.839
6.92,2.9416000000000007,166.99
2.12,1.7589,135.08
7.44,3.4467999999999996,177.35
23.32,1.3667999999999996,151.14
3.2,1.2193999999999998,125.85
7.6,2.5494000000000003,172.91
2.76,3.0104,173.76
4.32,3.4481,172.67
5.68,2.1025000000000005,0.8922
1.0,1.1095000000000002,92.771
11.76,2.3388000000000004,174.43
12.72,3.521,8.8986
1.88,1.8162000000000003,31.75
3.48,2.9629999999999996,10.66
4.68,2.6422,7.6055
1.36,1.9189,136.64
3.68,1.7709999999999995,17.799
1.44,1.4078,179.53
1.32,2.6442999999999994,176.81
26.8,3.0381000000000005,174.85
3.12,3.7225999999999995,132.85
3.36,3.291699999999999,174.47
1.36,2.5059000000000005,11.793
15.16,2.1777,9.3769
1.32,1.9034000000000002,5.1182
1.0,2.8660999999999994,179.74
25.64,3.368299999999999,172.13
1.16,1.7545999999999997,155.4
25.96,1.8331999999999995,171.58
2.28,2.2694999999999994,1.6215
9.2,4.931,176.88
1.52,1.2646000000000002,31.049
71.08,5.997299999999997,179.28
1.12,1.9734999999999998,8.3055
4.96,1.9432,30.117
4.68,2.11,12.072
2.24,2.7599000000000005,168.88
8.28,2.0821999999999994,177.29
2.28,3.6833999999999993,4.6398
1.44,1.7997999999999998,25.57
1.72,3.4991000000000008,4.9001
1.24,1.8482999999999998,15.957
98.16,4.584899999999999,4.7837
1.36,1.8395000000000001,158.04
38.48,3.2722,169.8
2.24,1.1932000000000003,85.704
41.52,1.2936999999999996,19.724
11.28,2.535,112.09
3.6,1.2176,16.041
1.2,3.5075,159.97
3.4,1.5250999999999997,15.81
75.32,2.5818,14.025
3.12,1.7162999999999997,27.376
2.48,3.3938999999999995,174.48
3.6,3.2752,10.267
1.0,1.3115999999999999,162.36
1.44,2.8567,169.79
1.04,3.485100000000001,5.9303
17.4,1.6221000000000003,12.618
3.32,2.8877999999999995,173.5
1.6,1.058,149.84
1.76,1.8751999999999993,4.6813
3.04,2.9631000000000003,21.853
1.12,2.0772,23.05
1.4,1.604,170.76
1.6,2.8262,12.764
14.4,2.1355000000000004,172.36
47.88,1.6144999999999996,13.988
8.4,2.2000000000000006,8.6057
1.32,1.1596,17.692999999999994
2.76,1.5985999999999998,166.38
3.32,2.1232999999999995,27.836
1.4,2.2909000000000006,11.92
34.2,5.689400000000001,0.4536
38.8,2.7273999999999994,1.0332
2.6,1.4883,43.62
2.08,2.8696000000000006,10.197
34.16,1.6214999999999997,12.149
4.4,5.293300000000001,161.26
1.32,2.1798,178.4
2.24,2.3875,163.07
33.52,1.8704999999999998,155.63
15.56,1.5211999999999997,8.6535
1.48,1.2254,168.17
5.4,5.190500000000001,175.07
6.8,3.4507000000000008,165.98
54.24,4.936799999999999,171.3
2.12,2.0069000000000004,29.017
45.2,3.233299999999999,178.81
2.32,1.0486,69.35
3.0,2.1017000000000006,163.48
1.0,2.0337,8.2975
16.16,5.3591999999999995,9.8432
5.92,1.2272,88.363
3.64,1.7343999999999997,2.3773
14.32,2.0569,11.592
3.8,2.1469,16.500999999999998
1.24,1.3448999999999995,21.55
1.28,1.4205999999999999,13.745
1.92,1.7362000000000002,30.824
12.04,4.1528,169.77
1.56,1.5314,124.57
1.16,1.9167999999999998,157.62
8.32,2.579799999999999,18.188
14.68,1.2669,161.03
64.68,9.607900000000004,9.5823
12.12,3.4147,13.737
2.08,1.1732,109.01
21.68,1.5935000000000004,151.48
3.64,2.7355000000000005,153.97
18.2,5.8775,179.19
15.68,1.6396000000000006,163.91
1.68,1.3299,40.706
16.36,1.9894000000000007,178.09
1.72,1.8044000000000002,2.4346
23.8,2.4504,179.05
2.2,1.2754999999999999,136.94
10.8,1.4309,160.72
1.44,1.4669,29.872
1.88,1.5699999999999994,16.055
6.88,1.3514000000000002,175.04
3.68,1.7877999999999998,168.31
1.92,1.2974999999999999,48.913
8.68,5.379,176.33
5.92,1.2431999999999999,31.44
1.6,4.230400000000001,3.7608
3.36,2.2488999999999995,0.8808
11.76,3.0042000000000004,0.6211
4.2,2.8959000000000006,12.089
2.64,1.3222999999999998,85.353
1.48,1.8091,116.23
3.92,2.9747999999999997,177.5
1.64,1.5179999999999996,20.747
1.04,1.7389,153.99
4.08,2.6843,21.367
1.36,3.0095000000000014,8.9149
1.2,1.7226,156.19
13.52,2.4368999999999996,165.51
2.76,2.2969999999999997,57.743
7.56,1.4285,155.08
1.84,1.3478000000000003,138.18
3.28,1.3502000000000003,7.5808
17.24,6.278,177.42
35.28,5.163899999999999,2.339
6.24,1.5324000000000004,145.62
3.72,3.0702999999999996,172.36
5.08,1.4773,19.698
2.36,1.3967,134.39
45.6,2.4021,12.166
4.4,3.0387999999999997,9.8173
3.12,1.8989,33.784
3.08,4.4822999999999995,0.7487
3.76,1.406,149.49
4.8,1.4679,168.8
29.84,2.405800000000001,8.9636
12.96,2.8611999999999997,4.8351
1.2,1.7801,17.718
4.4,3.6608999999999994,177.34
1.0,1.8755000000000002,176.18
33.28,4.508100000000001,176.93
25.76,3.627899999999999,175.34
9.2,1.3420999999999998,61.07
72.2,3.8310000000000004,6.0606
15.44,1.7677999999999998,166.48
3.4,1.9653999999999998,9.3639
17.28,2.9737999999999998,177.05
2.76,1.6558000000000004,179.46
9.56,2.3891999999999998,160.23
4.04,1.6653,176.86
26.8,3.2560999999999996,170.46
15.88,2.3291999999999997,169.66
6.08,2.4972,5.992000000000001
20.8,2.837299999999998,1.1524
12.44,1.7603000000000004,163.58
10.4,1.5034000000000005,42.19300000000001
1.92,2.429,2.01
8.72,2.3312999999999993,6.4297
14.24,2.4387,164.57
3.72,1.6754,33.1
1.92,1.4604000000000004,143.54
8.2,2.7234999999999996,1.1723
4.52,3.086599999999999,179.03
1.04,2.6492,172.36
7.64,2.5761,1.8201
3.44,3.5385,179.19
1.0,3.3472,11.112
4.72,1.5664000000000002,32.638000000000005
1.0,2.4758999999999998,14.954
3.36,2.8866999999999994,167.29
7.84,2.6734,17.753
1.96,2.5012,166.9
3.48,2.6991999999999994,16.417
1.12,2.5328999999999993,151.81
1.8,5.246299999999999,0.6464
4.6,1.9129,18.81
1.16,1.3427,29.281
4.68,1.6099999999999999,0.379
2.28,3.2717,173.84
1.12,3.756,170.01
5.28,1.4076000000000002,178.81
6.36,4.8937,174.39
2.56,2.2323,5.7089
3.16,1.3488,19.674
107.28,4.3458000000000006,8.203
83.24,1.3284,151.9
2.12,2.918399999999999,149.66
1.48,2.8339000000000003,0.3705
1.96,1.9896000000000005,166.64
6.88,4.696199999999999,178.24
20.56,3.9767999999999994,179.32
6.48,3.2884,10.550999999999998
1.2,1.6792999999999996,114.2
1.64,1.7833000000000008,6.8216
9.64,3.5131000000000006,179.45
1.44,2.4812000000000003,17.393
1.08,1.4884,177.27
1.4,1.6731000000000003,16.214000000000002
1.16,4.7026,179.07
2.56,2.3232999999999997,15.666
2.24,3.2748000000000004,21.376
2.72,1.3171,136.29
1.88,2.228,167.74
1.04,1.4349000000000003,175.27
3.28,1.8207,21.773000000000003
11.08,4.052700000000001,179.34
43.88,4.474099999999999,0.9306
1.6,1.4519,21.35
1.72,3.0491999999999995,25.815
1.12,1.6457,155.28
15.08,6.631699999999999,179.85
2.08,2.7698999999999994,7.4838
20.04,3.9418,8.0259
1.08,1.5973000000000002,172.84
10.12,5.576500000000001,0.3833
1.08,2.3514000000000004,175.96
31.16,5.004200000000001,175.08
126.64,3.2083,9.5404
70.48,1.7931,8.2962
2.04,2.3514,8.3179
18.56,3.5315999999999996,7.1208
1.04,4.078599999999999,166.32
18.4,1.4316000000000002,37.396
82.44,1.9538999999999997,176.1
1.04,3.787899999999999,176.12
1.08,3.317699999999999,158.23
1.24,1.3676,176.39
2.28,2.4805,10.31
12.72,2.1601999999999997,14.593
4.76,1.4238999999999995,176.19
35.48,1.8341000000000003,104.52
1.16,2.618,11.709
35.12,4.3719,3.0645
11.8,2.2126,17.935
1.36,2.2931000000000004,3.6537
1.6,3.2966000000000006,10.704
2.0,2.3845,167.99
2.12,2.1458,168.57
1.4,2.7090000000000005,82.93
2.0,2.3673999999999995,172.25
51.48,3.4089000000000005,3.0975
19.04,1.5083000000000004,10.866
3.84,3.0035000000000003,170.39
8.84,1.1422,108.41
4.84,1.5997,174.31
1.84,2.4777,169.59
7.08,2.825699999999999,155.8
33.64,1.7435000000000007,170.57
61.84,2.8688,1.9199
2.32,2.022,174.41
5.2,1.1677000000000004,169.03
3.84,1.1994999999999998,177.85
1.68,2.0757999999999996,173.13
6.2,1.3579999999999999,138.21
11.28,1.9847999999999997,14.815
6.56,1.208,86.792
35.24,2.5951999999999997,149.85
5.64,1.1459999999999997,177.08
1.0,3.1936999999999998,22.371
4.36,3.4475000000000002,0.5562
4.16,1.6679000000000004,1.2044
77.12,3.689300000000001,4.5949
6.44,1.2581999999999998,26.204
10.92,1.8143,3.5988
1.4,3.6723000000000003,6.6745
15.72,3.1028,178.12
3.76,2.9089,93.719
9.44,1.4896000000000003,149.19
1.2,1.3565000000000003,83.04299999999998
6.2,1.2953,144.15
14.04,2.6900999999999997,9.3935
15.64,2.1546000000000003,5.7029
4.72,2.3503000000000003,177.8
1.04,3.5751999999999997,163.28
1.32,1.4534000000000002,42.364
3.2,3.2653999999999996,122.51
31.76,3.7115,167.91
5.68,1.0365000000000002,152.63
13.32,2.4708000000000006,7.0727
3.16,3.4052,160.72
1.24,3.4204999999999997,0.9523
4.0,2.8182000000000014,174.25
1.16,1.9901999999999997,74.368
1.16,1.9203999999999999,155.05
3.32,2.3789,176.16
2.4,2.8108999999999997,1.6880000000000002
1.44,2.4551000000000003,171.89
3.44,2.1693000000000002,33.637
4.68,2.5628999999999995,174.86
18.48,3.1854,175.46
1.12,1.7922,47.695
2.2,3.4309999999999996,12.844
2.64,3.1061999999999994,179.92
12.0,3.713600000000001,2.548
11.64,2.4699,161.4
1.76,3.707399999999999,11.886
3.52,1.1308,22.36
1.4,2.0990999999999995,27.346
1.36,1.5649,83.47200000000002
3.2,2.7361000000000004,176.2
2.72,1.4663,6.9282
1.08,2.1799000000000004,165.53
1.88,2.659199999999999,3.1613
14.64,3.5164,1.5863
2.72,2.0870999999999995,174.71
1.24,3.5449,169.53
3.72,1.9095,153.13
2.4,2.9622,21.34
1.44,2.4045999999999994,0.3997
14.48,5.883599999999999,2.7062
9.28,4.7518,175.51
2.2,1.5737,0.5303
2.72,1.6924000000000001,164.2
1.92,3.0506999999999995,175.53
7.24,3.3183000000000007,172.6
7.08,3.3950000000000005,170.36
5.92,2.6849,9.0601
5.08,2.4217999999999997,159.09
2.24,2.1678,0.1885
1.28,4.4632,3.1771
1.0,1.6510999999999998,163.42
39.56,4.4133,2.1597
1.44,3.1367,178.2
1.6,1.6226000000000003,23.295
1.04,1.9310999999999998,160.62
1.04,1.9810999999999994,163.43
5.08,4.605599999999999,0.7954
2.36,1.9882,3.5023
2.28,2.5760000000000005,179.28
1.68,2.0308,176.22
1.84,2.3114999999999997,5.3125
1.28,2.0972000000000004,170.26
1.2,1.8455000000000004,169.86
1.0,2.9155,6.6161
1.44,2.1073999999999997,4.3231
4.2,2.3466,4.0579
1.84,1.5668000000000002,22.9
1.12,2.7686999999999995,170.14
8.72,2.1674999999999995,39.251
2.0,2.0656,24.006
1.92,1.1342,36.915
1.0,2.1843000000000004,5.8497
1.32,1.4707000000000003,44.593
1.24,1.8207999999999998,38.74
10.76,2.2923000000000004,14.005999999999998
1.56,5.0379000000000005,3.0818
13.64,1.1871000000000003,16.090999999999998
1.0,2.5168,175.94
20.0,1.7920999999999998,179.87
14.6,6.403500000000001,4.3385
7.2,1.8474,33.99
1.2,1.9690999999999996,176.28
22.2,2.6678,178.6
33.76,3.1978000000000004,177.48
21.72,4.7963,176.87
56.08,2.7067,0.8759
34.32,2.7535,177.98
3.72,2.2031,3.8258
18.28,3.4700000000000006,174.99
6.72,2.1355,34.348
21.36,1.5888,4.9226
10.08,1.8506000000000007,9.6323
78.16,3.7369999999999983,1.5862
4.48,2.859100000000001,178.74
5.6,1.6972,37.207
10.12,1.6516999999999993,153.35
24.08,3.1121,171.77
1.8,1.8195000000000001,168.44
1.6,2.0177,44.101000000000006
1.12,1.684,12.792
13.36,3.3963000000000005,5.9234
2.44,1.8730000000000004,19.36
6.04,1.5105000000000002,170.36
3.52,1.2208000000000003,159.94
1.2,1.3867000000000003,117.56
1.32,1.6722000000000001,9.5012
115.64,3.401800000000001,170.94
12.0,2.9572,178.37
1.12,2.3884999999999996,161.27
1.24,1.3111,121.61
4.52,2.2043,95.238
9.96,4.2533,174.72
1.4,3.5387000000000013,162.23
2.08,1.3609999999999995,177.53
2.0,1.1663,150.42
1.36,1.2427,98.286
11.4,1.9341,165.14
1.12,1.958,30.995
14.32,2.3416,169.35
1.12,1.3321,165.96
27.48,1.9382999999999997,165.09
26.44,3.1739,177.2
3.68,5.0103,1.092
10.56,4.1126,177.85
8.84,2.6614,7.1264
2.4,2.9312,175.54
1.6,6.0913,156.82
41.36,2.4767999999999994,7.91
1.04,3.4278000000000004,6.089
12.84,4.517899999999999,4.9624
21.2,2.5397,174.42
19.84,2.9267,178.04
8.6,1.9198999999999997,6.3083
8.8,4.7637,1.8188
29.28,1.769900000000001,175.97
2.16,4.2,172.07
80.0,3.238599999999999,170.8
3.64,2.5865,157.97
22.16,1.3105999999999993,36.912
3.24,1.9958000000000005,160.66
6.64,1.6118999999999997,162.58
19.2,1.4529999999999998,14.102
2.2,1.6474000000000002,1.8399
1.68,1.6811,151.6
2.36,2.8388,146.7
3.0,1.6546999999999998,179.52
4.32,1.5168000000000001,32.906
2.92,2.1622000000000003,168.32
9.96,1.5713999999999997,172.68
9.0,1.9522999999999997,19.769
1.0,2.4772,19.293
2.96,1.6712,71.596
15.84,1.5892,16.947
1.76,2.701,3.57
7.32,1.1206000000000003,71.05199999999998
1.24,2.3685,25.679
1.04,1.9612999999999994,166.5
2.92,2.399,17.243
2.2,2.1106000000000003,174.22
20.04,1.4602,168.38
64.16,2.0401000000000002,170.44
7.6,1.7221999999999995,156.45
15.28,1.3929,167.79
9.72,2.2348999999999997,24.257
1.48,1.1963,157.48
7.72,2.7046,7.1602
5.72,1.5717999999999996,122.71
7.4,1.9424000000000001,59.073
2.56,2.1399000000000004,152.86
7.16,1.1837000000000002,172.88
1.08,1.0883,54.17
1.36,2.657599999999999,172.84
29.32,1.7029999999999996,173.42
12.32,4.101200000000001,4.1625
25.64,3.7479000000000005,172.71
1.2,3.9983999999999984,168.03
1.72,3.3085,21.441
4.6,1.7200999999999997,3.0163
7.76,2.5820000000000003,173.45
1.12,1.5037999999999998,15.701
7.84,2.8789,176.81
1.72,1.3683,151.55
1.56,1.4943,161.08
7.56,3.8448999999999987,175.84
1.48,1.9228999999999998,45.389
22.8,1.6287,150.75
5.2,1.3833000000000002,140.06
6.68,3.0714999999999995,7.502000000000002
15.2,1.9492000000000003,172.98
9.48,2.6843999999999997,167.56
1.48,2.0192999999999994,170.55
11.48,4.250399999999999,1.5453
1.04,1.4942,171.27
1.2,2.6222,163.78
5.68,1.7978000000000005,165.15
1.72,1.9369999999999998,0.6927
19.88,1.9211999999999998,163.73
1.56,1.6168,0.5492
8.08,3.6048,174.04
1.16,3.2488,173.09
2.32,1.9447999999999996,159.74
3.12,3.0061999999999998,2.9864
2.72,2.1998,165.8
2.04,1.4175,170.65
1.0,1.3965000000000005,129.44
1.08,1.7943999999999996,26.736
4.84,3.1760000000000006,173.14
3.44,2.1300999999999997,175.43
17.24,2.6020000000000003,162.28
1.16,1.7855000000000003,144.55
2.88,3.364599999999999,174.07
2.12,3.201900000000001,174.82
2.76,1.7095000000000002,153.72
2.28,1.4966,8.4345
2.36,3.219,174.77
1.12,2.724,8.2395
4.0,4.0139,10.345999999999998
1.24,2.2311999999999994,11.879
1.2,1.1398999999999997,169.57
5.04,4.4004,166.94
13.36,4.231699999999999,174.24
1.6,5.0092,177.65
1.48,2.4749999999999996,11.097
3.84,1.9318000000000002,15.467
4.4,2.0153,165.48
3.92,2.9323999999999995,164.0
4.04,1.4913000000000003,15.888
8.0,1.2388,100.89
6.8,2.736,170.29
1.2,1.2954,156.64
4.08,1.9365999999999999,20.87
1.76,4.4766,178.49
9.12,3.7462000000000004,171.12
118.2,3.0484,0.5498
2.48,2.2524,0.4418
1.04,1.7981999999999996,13.703
15.72,2.0822999999999996,11.088
1.16,1.5179,2.7751
119.16,2.6644,171.0
1.48,1.3149,39.212
3.64,3.0735999999999994,17.445
9.84,1.5961999999999998,5.6537
1.48,2.677399999999999,174.11
4.16,1.3575999999999997,46.095
1.4,1.904500000000001,8.1825
3.88,4.474700000000002,176.86
38.56,10.636000000000001,177.17
1.76,1.7481000000000002,165.24
7.56,1.7645,28.519
1.76,2.7079000000000004,153.84
3.28,2.043299999999999,157.89
1.56,2.1869000000000005,21.726
12.32,3.807,6.6732
2.76,2.5474000000000006,175.87
1.28,1.4283999999999997,111.53
1.28,1.6313999999999997,92.33
5.84,3.9799000000000007,178.92
1.64,1.3369,175.27
4.4,2.0959000000000003,168.68
1.8,1.7172999999999998,2.4303
4.16,2.5273,2.8916
5.16,2.3287000000000004,170.8
2.84,3.5068000000000006,9.0427
1.16,2.5466,10.307
1.44,1.3644999999999996,37.79
1.72,2.6481,1.2462
1.68,2.590699999999999,176.39
2.48,1.4984999999999997,171.21
1.76,2.5877,167.49
2.2,2.3398000000000003,17.000999999999998
21.2,1.7253,26.55
7.6,3.2675,175.42
39.2,2.7376999999999994,174.11
1.32,1.8969000000000003,157.34
2.08,5.257400000000001,179.48
1.84,2.2843,51.343
5.56,1.4033000000000002,5.4067
1.08,2.0912,32.421
1.16,2.3610000000000007,157.34
11.04,3.9643,162.77
20.16,1.2573000000000003,111.27
14.72,2.4509000000000003,1.8837
1.12,1.4644999999999997,105.35
7.16,1.5744000000000007,114.6
1.48,1.2203,131.77
2.68,1.6388000000000007,107.29
4.72,5.5559,177.28
62.48,3.2925999999999997,178.89
4.36,2.2313,3.1489
1.28,4.283500000000001,24.05
6.48,1.6579000000000002,155.47
3.88,2.0291000000000006,7.5394
20.0,2.4846,171.76
3.04,1.4724000000000006,10.35
23.36,6.9485,178.16
1.52,1.5832999999999997,165.34
5.64,3.1765000000000008,4.7278
1.24,1.8948999999999998,82.00200000000002
6.64,1.9257,166.41
1.56,2.269100000000001,154.54
1.2,1.9240999999999997,2.4935
1.84,1.7910000000000001,86.22399999999998
1.08,1.7177000000000002,12.300999999999998
7.12,2.735,178.8
5.24,1.1606000000000003,137.2
1.44,1.8778999999999997,171.66
30.44,4.313900000000001,178.89
1.04,1.8084000000000002,170.19
1.76,1.0626,98.858
28.12,2.234700000000001,5.1659
1.0,2.0738999999999996,172.76
6.24,2.1717000000000004,0.147
1.16,1.9587,176.48
1.16,2.5916999999999994,2.2225
2.88,1.8051,0.8479
1.88,3.5215,176.24
52.12,2.6732999999999993,4.6288
2.84,1.9627999999999999,49.86600000000001
1.8,2.405500000000001,4.2744
1.4,1.9946000000000002,2.3215
3.48,1.5567,4.9128
1.48,1.5992999999999997,35.526
1.44,1.5554000000000001,31.725
1.64,2.8138999999999994,160.61
11.32,1.7849000000000004,1.4113
1.16,1.3901,128.98
3.52,2.636,113.33
13.0,2.9777,152.0
17.16,2.0731,15.136
2.08,1.8266000000000002,8.6011
34.12,2.1949999999999994,22.037
3.04,2.6193999999999997,169.25
3.12,2.1138000000000003,160.96
15.32,2.1999999999999997,164.0
8.04,1.2879999999999996,170.55
1.52,1.9054,178.62
1.72,2.4474,39.457
4.2,2.1223,4.5792
34.28,2.1286000000000005,22.331
23.2,3.3495000000000004,176.35
39.88,2.1829000000000005,7.7195
4.88,2.752399999999999,160.96
4.36,2.3294,3.5128
24.32,1.8966,7.9648
1.88,2.1291999999999995,24.456
4.48,3.4993000000000003,6.2555
37.32,2.096,2.1085
1.44,2.4832,174.14
14.8,1.7252999999999996,177.21
1.32,1.3083,119.55
16.0,2.1312999999999995,175.22
10.64,2.1856999999999998,87.314
2.68,2.0107000000000004,0.7282
3.12,2.339500000000001,12.373
2.52,4.2838,4.4153
3.6,1.5045999999999997,120.48
8.12,3.922399999999999,141.33
4.0,3.9398999999999997,7.1862
1.24,2.9128000000000007,13.821
2.6,1.4785999999999997,171.7
1.96,1.7764999999999995,5.6568
3.0,2.5083,177.8
2.92,1.4922,23.513
8.16,1.3059,56.255
9.84,1.8918999999999997,144.4
45.6,2.6143999999999994,15.42
4.04,2.9402000000000004,0.5909
80.04,2.9897,4.7209
17.76,3.2701999999999996,9.1058
2.16,2.0745,6.7565
3.44,3.4433000000000002,5.2652
3.44,1.3082999999999998,170.57
1.0,1.8792999999999995,38.895
1.2,3.5465999999999998,23.762
1.24,1.1869,160.3
4.72,5.103600000000001,13.747
58.16,4.9278,179.26
1.0,1.4439,177.11
1.2,1.9591000000000003,157.46
1.16,1.1866000000000003,54.798
1.52,2.215900000000001,175.08
1.64,2.8144,98.464
1.8,1.4957999999999998,86.115
1.44,1.2048,161.17
3.56,1.3480000000000003,94.872
2.72,2.4691,3.6525
3.04,1.8991,167.16
2.76,2.0791999999999997,6.7745
1.88,1.3387000000000002,142.53
1.16,1.3925999999999998,35.184
1.04,2.2141,177.91
1.28,1.4286999999999999,38.342
3.76,1.3738999999999997,10.764
1.6,1.5911,23.923
2.88,1.8281,30.533
6.8,1.9635000000000002,158.68
1.0,2.0751,178.53
1.36,2.5486,170.74
2.08,1.9697000000000002,49.332
28.84,2.0163,0.8329
2.36,4.2700000000000005,10.470999999999998
1.04,1.6019999999999999,8.3883
17.84,2.2854000000000005,4.0997
5.92,1.8368999999999995,177.57
2.0,1.4683999999999997,48.482
2.88,4.164900000000001,2.603
1.8,1.2938000000000003,33.177
1.08,1.4990999999999999,30.043000000000006
3.68,1.3935999999999995,175.26
3.28,3.213499999999999,17.037
4.12,2.4119,179.52
10.6,2.1919,1.9018
11.72,2.949299999999999,176.18
8.64,1.5540000000000003,106.57
8.48,2.4672,154.42
15.64,1.9962,127.9
2.68,1.9462999999999997,174.62
25.64,1.8719000000000001,174.07
2.8,2.4988,7.6609
1.96,1.3574,60.085
8.2,3.7207000000000003,177.12
70.24,4.5323,174.8
1.28,1.2468999999999997,123.58
3.28,1.3777000000000001,103.97
2.64,1.7396999999999998,44.851000000000006
24.44,2.7077000000000004,2.7105
1.0,1.6070999999999998,172.98
1.8,1.5254000000000003,89.353
1.32,1.6205000000000003,117.29
1.08,2.5192000000000005,178.66
19.36,1.4110000000000005,179.03
1.56,1.9465,12.45
1.08,2.289099999999999,0.7069
1.12,1.8961000000000003,50.37300000000001
1.12,1.299,180.0
23.72,1.2640999999999998,24.114
29.44,3.8719999999999994,175.69
18.36,1.4278,169.2
5.52,1.5217000000000003,48.434
4.4,2.1678999999999995,178.0
1.2,1.5454000000000006,146.94
2.12,1.3851000000000002,10.612
3.8,1.4790000000000003,31.247
10.72,5.7568,175.29
18.28,1.9171,157.44
14.44,1.9051999999999996,174.6
1.0,1.3171,163.09
19.04,2.3172000000000006,6.8367
4.52,2.4712000000000005,0.5955
2.28,3.2982000000000005,12.513
4.72,2.9607000000000006,176.8
1.36,2.3239999999999994,168.39
1.52,3.2568,172.96
1.32,1.7123999999999997,26.392
1.16,1.8566,8.1052
1.6,1.9667,175.79
60.0,2.1292000000000004,172.74
18.52,2.3615000000000004,0.9944
2.28,1.8519999999999999,165.89
4.92,1.6301000000000005,167.01
1.04,1.8689000000000002,23.827
2.08,1.9241000000000004,10.207
4.64,2.6614999999999998,162.34
4.8,1.4863,169.13
74.44,2.7253999999999996,1.4313
3.72,1.1746999999999999,162.43
61.76,4.789600000000001,177.68
7.04,2.3197999999999994,167.84
69.4,2.318,177.73
7.24,1.3704999999999998,132.26
2.32,2.9050000000000002,13.975
1.32,2.2862999999999998,166.43
4.56,1.9905,62.655
1.36,2.973399999999999,1.4491
7.96,3.5354000000000005,179.93
2.96,1.4477999999999998,15.913
2.84,1.2166999999999997,134.88
47.44,5.418899999999998,176.19
4.64,1.2885000000000004,172.48
30.08,2.7381999999999995,177.39
1.6,1.5877,32.453
77.52,4.913,13.064
1.04,5.5709,7.6452
12.6,2.2927,178.32
4.36,1.8673999999999997,175.09
2.44,1.4744000000000002,159.81
1.04,4.9743,177.5
1.0,2.6575000000000006,26.565
1.08,1.558,159.51
3.08,2.9321000000000006,2.6015
2.28,2.0616999999999996,9.5145
1.12,2.4875999999999996,173.69
8.68,6.4344,5.3678
8.32,3.6557,28.816
1.6,1.9753999999999998,165.98
6.08,2.6615000000000006,172.05
2.16,3.5821999999999994,4.0887
15.36,2.2901,165.61
1.76,1.6413,175.25
2.76,2.1256000000000004,168.38
1.44,2.2519999999999993,24.992
3.6,3.0038999999999993,3.9312
15.6,2.9376,160.23
102.92,1.7423999999999997,178.79
4.72,2.064,149.65
1.04,2.1550999999999996,16.122
1.32,1.7654000000000003,168.12
2.8,1.3807,165.55
1.64,1.5063000000000004,170.28
3.36,1.4089,9.6305
34.12,2.4146999999999994,163.31
7.6,2.5901999999999994,168.32
4.0,3.919500000000003,7.7686
1.56,2.5836000000000006,177.85
2.16,2.092399999999999,7.0192
18.44,1.5947000000000002,166.38
7.96,6.1385,175.14
11.32,2.782,11.946
3.04,2.1728000000000005,14.225
3.32,3.048299999999999,179.8
1.24,4.927800000000001,3.905
2.4,1.7960000000000003,3.777
19.36,2.6232000000000006,172.46
1.04,2.3402,4.84
26.88,3.6263999999999994,1.1123
1.16,1.1910999999999998,53.13
5.0,2.3054000000000006,175.71
7.48,2.831500000000001,176.91
45.64,3.0690999999999997,5.9845
51.36,2.2455999999999996,169.09
27.76,2.0364000000000004,170.96
19.52,1.7853999999999999,154.36
1.32,2.0495999999999994,17.282
3.32,1.7976000000000003,145.97
2.72,1.9383000000000004,177.79
9.24,3.0075,146.03
44.24,3.0373000000000006,172.28
37.48,2.963600000000001,177.78
1.08,2.4609999999999994,14.634
1.08,1.3419999999999999,23.896
5.52,2.1354000000000006,163.81
5.92,2.2258,148.11
24.72,2.1508,6.5853
4.32,1.3661,153.05
12.24,4.9998000000000005,7.4499
2.28,1.9717000000000002,171.02
2.2,2.7573000000000008,10.922
1.24,1.9797999999999998,175.45
5.48,1.6549999999999998,149.94
7.64,1.5262999999999998,166.67
2.88,1.7130000000000003,159.66
40.0,2.6301000000000005,178.47
1.52,2.0239,177.71
35.88,2.2437000000000005,179.11
1.32,1.8979000000000001,169.76
1.8,2.446800000000001,179.0
15.08,1.8134,158.79
84.08,5.5225,3.0783
2.12,2.0049,166.07
55.68,2.3053999999999997,168.36
1.04,1.5744,132.3
19.04,2.2152000000000003,5.5099
50.88,2.8970000000000007,170.38
11.64,2.8870000000000005,175.22
3.8,1.3667000000000002,28.725
1.2,2.1423000000000005,8.5536
22.52,1.6167000000000002,170.46
4.56,2.6683999999999997,158.94
1.16,1.6744000000000003,14.705
13.6,2.8598000000000003,176.55
12.36,1.5966,119.93
4.68,2.9895,18.501
2.6,2.9665,170.29
35.08,1.8760000000000001,50.199
3.72,1.6345999999999998,152.77
1.08,1.4039999999999997,103.46
62.88,2.7031000000000005,9.7488
10.48,2.0497,176.95
1.36,5.357400000000001,171.86
8.76,3.4371,170.14
3.0,2.0306000000000006,38.643
8.56,2.4143,175.75
1.68,1.3158,142.5
26.04,3.4374000000000007,165.59
1.64,2.317,162.07
3.36,1.4786,178.43
3.88,1.4142,9.2082
7.24,2.8816,172.43
26.24,1.7592999999999996,159.24
1.2,2.4339999999999997,156.85
3.68,1.5101999999999998,41.032
2.04,2.0138,160.83
2.52,1.8128,122.66
4.52,1.6782000000000006,134.96
3.0,3.2242999999999995,1.8598
1.52,1.1036,174.36
1.28,1.9469000000000005,7.907999999999999
5.2,1.2287000000000001,18.512
5.88,2.5387999999999997,175.61
34.52,1.1539000000000001,179.01
27.88,1.5848999999999995,155.84
29.0,2.007799999999999,151.0
20.08,1.5837999999999997,1.6539
11.52,2.2736999999999994,5.9167
1.72,3.6213,174.48
11.64,1.3755,24.504
53.52,4.5379000000000005,169.14
3.56,2.1741,10.83
16.92,1.8711999999999993,171.93
7.24,4.4182,2.7917
2.04,1.2422,1.6278
22.6,3.312,174.1
9.64,2.153900000000001,168.87
1.44,2.1452,142.61
1.72,1.1897000000000002,53.43899999999999
1.72,3.0946999999999996,169.8
2.16,1.3189,35.74800000000001
13.72,2.3504000000000005,158.6
1.88,2.0786000000000002,18.968
1.24,1.8432,153.33
26.6,3.5380000000000003,173.23
2.68,4.3184,1.9236
1.2,1.9256,10.724
3.88,1.7136000000000005,156.88
2.52,1.1270000000000002,120.71
2.08,1.8421000000000003,178.92
2.12,1.8773999999999995,19.111
30.36,1.3788,147.22
14.44,3.8642000000000003,170.34
2.16,2.2061,2.2435
56.16,2.6228,7.7492
1.0,2.2332,169.35
2.84,1.7104,111.92
1.2,1.4738999999999998,166.71
7.64,2.4977,177.98
1.04,3.8293,165.41
3.52,4.166900000000001,179.03
17.8,2.3212999999999995,169.75
1.24,2.0079,168.98
50.56,5.015100000000001,173.7
10.6,1.6786,177.65
45.04,4.476399999999998,169.57
10.92,2.800100000000001,178.57
9.32,4.103,174.42
9.04,1.548,167.38
5.12,2.1,174.81
12.56,2.4906999999999995,176.44
1.36,1.0682000000000003,1.923
2.44,1.5833,5.595
28.32,2.6387999999999994,175.94
15.12,1.2318,132.73
1.24,1.6595000000000006,64.027
3.4,1.4610000000000003,19.166
1.88,1.3966999999999998,41.681
3.32,3.0841000000000003,168.98
2.88,2.3584000000000005,177.13
1.12,1.4484,25.25
1.12,4.2084,1.9867
4.24,1.8414,164.76
16.44,1.4001999999999994,3.6793
3.08,2.1308,5.7005
1.04,2.5059999999999993,176.73
4.0,3.3611999999999997,12.96
6.4,2.2513999999999994,165.52
4.56,1.1052000000000002,62.589
45.76,6.135000000000001,2.9756
3.6,1.2371000000000003,107.07
51.48,4.793300000000002,177.45
4.68,2.7283,159.11
1.96,1.1900000000000002,24.734
2.96,1.6414000000000002,148.29
1.36,1.9259999999999997,82.792
2.0,1.6464999999999994,11.96
2.36,2.4203,34.607
20.12,2.9464000000000006,2.9401
2.04,1.4017,41.593
7.96,2.7736000000000005,9.2657
35.84,3.8656,175.02
1.16,2.438400000000001,144.23
4.24,1.8543999999999998,178.55
2.72,1.1482999999999999,127.06
9.04,2.1076,2.8152
24.08,3.9578,175.1
9.36,2.5404000000000004,4.6298
6.76,3.4685999999999995,170.13
2.16,1.3570999999999998,156.62
3.0,1.9079000000000002,82.49700000000001
2.2,2.6466,178.12
1.32,2.3113,9.8505
5.8,1.9702000000000002,179.09
3.96,1.8073000000000001,7.8695
2.64,1.2980999999999998,26.283
1.68,1.1833999999999998,51.165
1.48,2.685000000000001,169.69
48.92,6.0341,0.5348
1.2,1.4452999999999998,21.799
4.6,2.4351000000000003,0.9894
52.4,6.589799999999999,179.06
14.76,3.4740000000000006,177.17
2.0,1.6734000000000004,5.8088
23.2,7.548799999999999,3.5469
1.6,2.9805000000000006,3.1471
27.4,6.8567,178.34
1.44,1.5853999999999997,67.82
2.2,4.208000000000001,176.7
1.36,1.1048,174.23
1.32,1.4882999999999997,28.525
14.36,3.2214000000000005,178.59
1.96,2.4452000000000007,36.546
2.08,6.910200000000001,178.87
2.76,1.3122999999999998,143.37
2.28,3.0206999999999997,178.59
1.76,1.4506,7.1809
7.44,4.5455,7.068
11.28,11.456,3.2071
1.88,2.7439000000000004,179.08
3.32,2.652499999999999,12.241
4.56,2.7498999999999993,179.13
1.4,4.9953,171.65
1.4,2.892,3.4361
1.72,1.4293999999999998,18.871
2.04,2.4547,172.93
1.36,3.0785000000000005,155.06
1.16,1.8334000000000006,179.37
1.08,2.5384,144.56
1.92,2.0091,10.1
1.6,2.8365999999999993,171.96
1.6,2.9796000000000005,4.6288
1.04,2.829600000000001,8.9563
2.48,9.3334,0.7844
