a,b,c,alpha,phi1,PHI,phi2,volume,,total volume
16.97788765,12.98514152,12.98514152,2.752567028,21.1166993,50.83344185,199.5814636,11991.28262,,
16.46756669,12.65595444,12.65595444,2.066106161,351.6178648,86.55860726,229.0437314,11048.61513,,
18.14810739,11.9573474,11.9573474,0.87485083,266.839113,128.900034,199.0013325,10869.00139,,
16.10043692,12.56273633,12.56273633,0.233893084,65.65041825,97.58017732,38.3483306,10643.75234,,
25.87104182,9.362067523,9.362067523,2.528036482,246.0337688,49.41823258,274.6313708,9498.304003,,
19.72384176,10.23218354,10.23218354,0.120922092,139.4000911,92.69513619,70.74122423,8650.01305,,
12.92666438,11.7902646,11.7902646,0.621247933,357.2250408,167.585608,253.7783254,7527.004682,,
15.52921974,10.43435866,10.43435866,2.740890922,66.44232442,130.108042,282.6238274,7082.225747,,
21.87011457,8.18943324,8.18943324,3.131154945,57.12827145,149.6147835,21.4440123,6143.945593,,
19.84920399,8.457472361,8.457472361,2.719550008,266.3000458,130.2239432,64.00506605,5947.204587,,
12.16700494,10.44615032,10.44615032,2.358867366,260.7960905,103.6838016,14.14004338,5561.408999,,
21.3691827,7.580807675,7.580807675,0.568341935,357.2893245,88.52955101,335.7843705,5144.077214,,
20.91167542,7.535377386,7.535377386,3.087842134,216.0385338,137.383672,95.52095903,4973.790102,,
14.80346307,8.900779105,8.900779105,2.04722923,267.3587902,71.70002054,359.8244487,4912.561269,,
16.66631083,8.37890805,8.37890805,0.087889369,300.7501231,132.2041875,352.0183276,4901.205763,,
11.58637678,9.839071159,9.839071159,1.856698168,222.6283631,90.88410227,45.19044386,4698.340194,,
17.08645915,8.011259587,8.011259587,1.774324275,83.80279128,122.6708945,112.6760677,4593.484872,,
16.67748245,8.0800195,8.0800195,1.486118321,0.44356577,57.18026517,147.3982041,4560.830363,,
25.35632202,6.313892455,6.313892455,0.084421635,241.975928,139.1730515,327.3035138,4234.179142,,
13.71189427,8.55288032,8.55288032,0.071457055,237.9356345,64.14480734,14.18240409,4201.562759,,
12.46514373,8.78722198,8.78722198,1.265952795,161.9083644,119.6376417,317.2431421,4031.708229,,
25.76989687,5.866112604,5.866112604,3.064547991,0.915518271,59.03493037,142.94189,3714.514692,,
15.26690919,7.331900752,7.331900752,0.21569768,7.819903616,99.72549256,287.6002861,3437.738885,,
14.34191368,7.159592661,7.159592661,0.551745296,83.41740575,74.26722467,185.8839207,3079.44422,,
14.47852939,7.115164174,7.115164174,1.605240109,291.9216351,94.53471806,212.3075673,3070.314843,,
12.86391603,7.28317613,7.28317613,0.294389653,293.7178196,92.33597016,179.1148968,2858.271186,,
17.0939493,6.064050721,6.064050721,1.278853366,240.7885637,132.3082519,214.9636701,2633.035237,,
14.58065137,6.452499968,6.452499968,1.313975191,197.1977579,147.8909054,195.9160673,2542.854773,,
12.64520896,6.32602123,6.32602123,3.120144923,281.1173088,40.90392813,182.7528813,2119.70737,,
17.9094679,5.119520855,5.119520855,3.137192321,195.1831514,91.43811991,101.2330317,1966.210112,,
14.14395649,5.745848134,5.745848134,0.523331404,226.495341,16.99048428,94.0059443,1955.995303,,
13.46572669,5.702281046,5.702281046,2.990314421,38.98486231,31.31629781,254.5121496,1834.068879,,
13.79556175,5.284401949,5.284401949,1.673449787,198.8076717,113.510405,81.133701,1613.688436,,
8.873419346,6.584507114,6.584507114,2.796617746,151.2952305,102.5597714,303.8190204,1611.484594,,
18.34306334,4.527197793,4.527197793,2.01309572,308.9966862,97.91877398,120.8263405,1574.77827,,
9.579344929,6.080317309,6.080317309,1.606158409,211.9227058,79.11786264,238.0906609,1483.463649,,
14.71027223,4.880758583,4.880758583,2.399340319,175.378004,159.0831482,93.80560634,1467.857759,,
8.391382612,6.39699288,6.39699288,1.939085775,232.6097134,48.94206167,202.6753757,1438.380768,,
7.7216823,6.62462945,6.62462945,1.722464409,62.02343238,29.87831879,230.7296199,1419.461835,,
9.847763375,5.350579644,5.350579644,2.918156781,319.4613683,86.73563201,128.4955334,1180.940128,,
10.17843849,5.217511337,5.217511337,2.217229519,193.1273262,155.5978911,245.913953,1160.63742,,
9.062434555,5.359577663,5.359577663,0.102138105,133.3745743,133.0203121,182.9692733,1090.422061,,
10.37590042,4.948574363,4.948574363,1.582135558,90.27107274,10.24315819,322.1585461,1064.325839,,
7.046366187,5.576086454,5.576086454,1.986288523,314.8277677,120.4456022,12.81181448,917.7255344,,
10.57141444,4.455003371,4.455003371,0.530979664,84.1843398,85.5546384,277.6663326,878.8561223,,
17.65297619,3.444291364,3.444291364,1.368403031,319.096117,108.706942,273.0205262,877.2155269,,
9.569512078,4.625636265,4.625636265,0.148449094,181.5678647,46.95256938,149.2178581,857.6722579,,
11.37582909,4.218174525,4.218174525,3.133212201,117.3896855,50.47579473,185.5633989,847.853382,,
14.92137956,3.532898642,3.532898642,3.129870405,313.5948532,102.9213937,248.1094891,780.1173606,,
10.28652151,4.146610749,4.146610749,1.19200162,52.12517462,38.84501697,143.8420115,740.8728606,,
20.89643275,2.837479065,2.837479065,0.008986357,304.8824842,62.54408793,225.9997517,704.7354123,,
7.331858599,4.714973058,4.714973058,0.630845651,118.5618405,140.3137579,54.28712633,682.7490757,,
14.40466318,3.357049427,3.357049427,0.181968462,340.569604,118.2827951,319.191532,679.9973001,,
8.900017309,4.215969886,4.215969886,1.168748623,267.4955785,104.2831941,292.6392609,662.6351364,,
9.967489477,3.767407935,3.767407935,0.678721304,104.6829132,127.10138,194.4316941,592.5973316,,
6.56416925,4.442687991,4.442687991,0.241359879,313.4837918,94.44670784,215.8930371,542.7002324,,
10.25988564,3.456295402,3.456295402,0.05151789,320.1164739,160.3290249,71.51464101,513.3964204,,
9.506332183,3.544250624,3.544250624,0.442503444,25.80868645,118.8579352,13.01113808,500.2077824,,
7.318105642,3.96750566,3.96750566,1.06608472,291.6020262,56.4960223,111.9905605,482.5278603,,
11.84788358,3.109056263,3.109056263,0.017990524,142.0567805,176.5302631,207.7601426,479.7185915,,
8.24903137,3.666697117,3.666697117,2.63016765,198.4520055,73.88618372,113.1402575,464.5598135,,
6.402009201,4.160422927,4.160422927,2.617747628,112.4694718,87.00376604,4.467802625,464.1729899,,
8.825891458,3.533733437,3.533733437,0.695236541,259.4961452,45.16868822,205.2536052,461.6520445,,
6.492035862,4.085239166,4.085239166,1.526537743,221.4876737,56.26339442,80.34627393,453.8418004,,
9.766846489,3.308395047,3.308395047,3.087747689,275.4724618,124.0040219,326.741637,447.7934071,,
4.911434377,4.552949476,4.552949476,2.500418156,16.72355859,88.71665987,102.0819892,426.4642367,,
7.932303663,3.521689101,3.521689101,2.642033905,183.2212816,72.92882703,270.8986864,412.0879993,,
6.057245435,4.021901671,4.021901671,2.07059694,223.8410576,108.2016332,171.8018255,410.4182628,,
5.934783835,3.745179767,3.745179767,2.878393874,282.3372339,66.21237638,76.40197663,348.6894852,,
4.871096229,4.106445545,4.106445545,2.724231932,161.3212153,88.53414932,214.8716059,344.0705127,,
4.503469328,4.268400908,4.268400908,2.64808245,3.166893917,78.43725192,340.1057675,343.6894696,,
4.723158661,4.147339688,4.147339688,2.100552727,87.83213824,78.33814652,104.3720281,340.2987544,,
16.62000021,2.200079192,2.200079192,3.129674156,201.1965465,83.73140645,358.2393522,336.9738979,,
6.455716147,3.458633667,3.458633667,1.182885891,52.29266364,105.7201466,322.8112079,323.4760753,,
6.080950591,3.491809844,3.491809844,0.087701111,356.9318311,40.8170325,213.8783013,310.5712528,,
5.568659079,3.6204136,3.6204136,2.190838197,9.709578111,134.0199322,77.76651897,305.7423612,,
6.373501955,3.261981256,3.261981256,1.303791546,27.74851946,95.32162636,134.2125553,284.072802,,
6.554574747,3.18852111,3.18852111,2.902310722,269.8061559,49.479945,330.3192827,279.133347,,
4.939787131,3.621330789,3.621330789,0.628310812,55.99183502,44.7255059,211.3332789,271.3521318,,
4.743351516,3.693080046,3.693080046,2.164615245,9.150516015,82.73136817,319.6798353,270.9888121,,
6.481934525,3.149363546,3.149363546,2.831645258,26.12886232,95.65349623,102.7310962,269.3015428,,
7.25395288,2.916482573,2.916482573,1.500490948,221.0587305,24.77473633,70.45036428,258.4533174,,
7.581584315,2.847928968,2.847928968,0.240333479,8.675947797,39.11396251,202.8519576,257.5768838,,
7.786604808,2.720390263,2.720390263,0.855450142,64.4351042,59.2230065,351.8950999,241.3788236,,
4.877460498,3.427652762,3.427652762,1.449655846,340.8625731,16.9086042,334.2221516,240.0357943,,
5.155943667,3.3150965,3.3150965,0.839057648,110.2258008,36.94325868,173.389394,237.3499381,,
5.238633241,3.28263652,3.28263652,1.845966991,135.0838357,54.25091211,19.94758242,236.4570119,,
9.938642816,2.365328645,2.365328645,2.168567723,76.98568079,112.025096,87.08007763,232.9156522,,
6.651640266,2.879968638,2.879968638,0.31322289,175.3667277,104.932286,280.8189709,231.0962402,,
5.251420094,3.239003843,3.239003843,1.23510328,255.1222307,67.61790692,199.0227982,230.7747545,,
4.18605186,3.4723569,3.4723569,2.474461042,90.84494813,73.70950447,122.9037457,211.4179842,,
7.60883752,2.561145845,2.561145845,1.093502542,89.5464752,89.66293933,91.81994647,209.0622113,,
7.00688378,2.660438551,2.660438551,1.5273774,268.5819605,47.07979197,70.12647944,207.7399334,,
5.092133437,3.114997109,3.114997109,2.132890974,190.509931,149.9232378,238.4890826,206.9682277,,
4.873152203,3.17441134,3.17441134,0.371341534,46.49675584,47.62005395,218.8569049,205.6955939,,
17.25680784,1.672657283,1.672657283,3.078995067,293.8164186,142.6498414,224.7246374,202.2381128,,
4.268865997,3.321715816,3.321715816,1.539403494,8.937928828,176.7648865,76.02186251,197.2995434,,
4.373443764,3.07582938,3.07582938,0.633301621,92.14931121,33.13938932,179.0208399,173.315194,,
4.242791525,3.107480155,3.107480155,1.518154793,91.50973961,74.81965518,286.4565848,171.6157053,,
5.928154405,2.626144809,2.626144809,1.695450813,52.86018714,129.5959267,70.97039354,171.2558659,,
3.719437127,3.165292856,3.165292856,0.52574714,228.1079663,57.55655097,140.1245679,156.0966656,,
4.337512548,2.904392003,2.904392003,1.692559191,192.931358,21.93615774,161.6913663,153.2638808,,
7.202401864,2.195945983,2.195945983,1.176417538,302.1324764,98.33323267,55.2648513,145.4820007,,
4.1822525,2.79249919,2.79249919,2.198431364,29.27739757,168.961599,276.6431379,136.6107798,,
3.614902784,2.980938459,2.980938459,2.473061571,208.6853465,63.17499591,273.1797784,134.5523391,,
6.686179129,2.188224097,2.188224097,1.06897169,247.4110039,69.30785189,218.3559382,134.1066177,,
4.904048144,2.546441148,2.546441148,2.748092462,193.1908898,155.6515012,245.6418437,133.2019618,,
3.602428882,2.937380192,2.937380192,0.434051945,4.213262381,23.45296327,46.73425959,130.1980108,,
5.036462918,2.446353447,2.446353447,1.026466221,122.2883244,102.8263819,218.8846145,126.2561835,,
5.766624963,2.283209459,2.283209459,1.919799805,250.5962168,124.2377045,103.7116584,125.922062,,
5.812578488,2.252149644,2.252149644,0.811291716,319.4294803,95.0732701,204.6082978,123.495726,,
4.630131719,2.520492707,2.520492707,2.925944831,103.6530274,36.56280038,168.2628676,123.2119542,,
4.521993582,2.498240286,2.498240286,1.487486025,180.3813524,6.819798275,22.6111744,118.2189141,,
4.616650906,2.463346415,2.463346415,1.966072026,131.5196803,20.90915948,14.41152829,117.3455501,,
3.589816473,2.777191525,2.777191525,1.80495146,89.0916625,3.060744546,177.7410192,115.9771729,,
4.264727749,2.527163435,2.527163435,1.891513244,140.7489573,87.85550732,234.1497977,114.0897372,,
5.056344184,2.305189615,2.305189615,1.237944906,135.64099,13.7235882,4.188574366,112.5481982,,
4.655019047,2.3917893,2.3917893,2.177083662,187.5784888,150.0557548,235.8709556,111.54649,,
4.598439048,2.337416522,2.337416522,1.524068034,270.578322,164.8995253,94.04942393,105.2376794,,
4.042287176,2.474406646,2.474406646,0.609119629,65.92577372,116.4416649,99.91833038,103.671151,,
4.581050076,2.310496521,2.310496521,0.157563328,177.7594451,34.31249724,280.5235262,102.4387537,,
3.34078767,2.648096329,2.648096329,2.404800787,66.09870644,18.1797177,178.0712889,98.13073278,,
4.024157177,2.410252002,2.410252002,2.324754483,101.2861733,23.08572803,12.65743948,97.923843,,
4.135620872,2.355262743,2.355262743,3.141090844,6.433267177,68.10201791,264.8946916,96.09660664,,
3.366620544,2.524890016,2.524890016,2.476696949,199.6121044,102.4246067,180.1350129,89.90165954,,
3.068253662,2.614984098,2.614984098,0.816379736,90.31627663,150.722905,319.5867653,87.88565119,,
3.20117981,2.553197995,2.553197995,2.272283465,270.8918509,65.49750747,282.5139506,87.41131787,,
4.656462575,2.063367224,2.063367224,0.560590681,311.1504756,89.64003184,35.55600046,83.04199635,,
4.756712037,2.029050557,2.029050557,0.858968274,190.7051561,111.0927723,173.0629923,82.03160457,,
4.207313371,2.133099275,2.133099275,1.311082745,298.7777928,68.52845661,19.53155161,80.18914923,,
4.80812876,1.989035542,1.989035542,0.730973271,23.68063056,39.89690547,22.69555762,79.68008449,,
3.002148063,2.494249794,2.494249794,2.660187131,103.1175641,163.9023335,154.7237876,78.23491349,,
5.078987574,1.888997684,1.888997684,2.624015702,97.72555181,68.86173012,325.4824,75.91517729,,
2.808397331,2.510914777,2.510914777,1.255231582,232.7076929,53.89656079,212.7324796,74.16706721,,
3.993990316,2.080421817,2.080421817,0.290057121,108.4255917,127.1734031,235.6548765,72.40997807,,
4.716693122,1.881700295,1.881700295,1.749644878,38.96439091,101.2834823,320.8608339,69.95634913,,
2.952186147,2.372285616,2.372285616,2.938295683,192.5865066,156.649059,245.5405569,69.59311862,,
4.719197686,1.821806331,1.821806331,1.918852611,26.31721868,101.2125144,345.6373704,65.6086639,,
3.984260859,1.942109394,1.942109394,1.489586117,357.2049448,76.80877644,348.3779503,62.94826322,,
2.641720816,2.37908241,2.37908241,0.515427153,9.307603753,103.0070748,101.0796894,62.63174324,,
3.570176348,2.040387898,2.040387898,1.865359145,131.0045025,173.7840452,309.5650821,62.2592315,,
5.211602372,1.666927606,1.666927606,2.704421958,223.0699422,59.28764212,79.98228731,60.6587366,,
4.868564991,1.719627589,1.719627589,2.51997129,266.3571644,53.76577403,337.0891719,60.3057037,,
3.391952756,2.058017657,2.058017657,0.442159633,70.07492529,103.3812421,75.59586407,60.17784022,,
4.452998657,1.788610977,1.788610977,0.53089176,54.98466853,67.00959327,4.614840271,59.67232468,,
4.011126945,1.883957326,1.883957326,1.16562325,123.1157987,8.420391675,153.0076947,59.63443906,,
4.014354789,1.820288509,1.820288509,0.654608942,319.5537115,30.88231341,127.2649204,55.716627,,
2.741755699,2.181461964,2.181461964,1.186046733,82.27575621,50.16603688,8.586617452,54.65282987,,
5.228071731,1.573192173,1.573192173,1.553674325,247.5378399,94.53304335,239.8509556,54.1993029,,
2.82981856,2.136933798,2.136933798,2.248360685,93.5402826,124.62783,304.864429,54.12891678,,
3.833212972,1.820180816,1.820180816,2.788846515,262.6536119,164.7050715,73.7854238,53.1962017,,
3.825877885,1.802948487,1.802948487,0.735511297,95.96002059,82.44100968,98.01421254,52.09383738,,
3.442613088,1.896006744,1.896006744,1.775805082,73.95174166,151.5809937,354.6512141,51.83899585,,
6.235771791,1.403230591,1.403230591,1.51159605,204.6842155,103.0192944,281.2653656,51.43241419,,
3.356954999,1.908417752,1.908417752,0.945114056,288.6359409,47.26563619,309.9122898,51.2130952,,
5.617069755,1.461094481,1.461094481,2.999404148,61.01066634,34.59061886,40.70254645,50.22905725,,
3.357033121,1.873471391,1.873471391,0.114333358,347.3842041,73.45277903,255.0575472,49.3558194,,
2.787292819,2.040007387,2.040007387,1.988100636,260.1804117,69.30265135,197.1059731,48.58863349,,
4.266941054,1.638312969,1.638312969,1.545707558,294.3689634,113.2815446,78.07416057,47.97323338,,
4.770638154,1.548177459,1.548177459,0.310361641,245.661474,70.3094015,217.8238111,47.89680744,,
3.644504865,1.759001266,1.759001266,0.700074246,350.9766959,115.9524356,331.7914582,47.23451359,,
4.093454235,1.659710983,1.659710983,2.673266667,204.7753993,89.15918748,177.2477058,47.23277746,,
3.232430743,1.857308376,1.857308376,1.640332815,75.1877623,108.6175373,86.89871331,46.70741934,,
3.142294629,1.877065437,1.877065437,2.302351129,135.6525745,53.65802583,19.60504466,46.37611224,,
2.678083479,2.030882789,2.030882789,2.933707923,48.10566183,143.2092803,194.5051807,46.2681823,,
4.132580247,1.63408294,1.63408294,1.932156593,67.2925532,43.40299872,310.7346143,46.22299657,,
5.677011053,1.391181935,1.391181935,1.609266122,183.6695145,7.230164795,17.86079105,46.02313603,,
5.785524843,1.377568155,1.377568155,0.596423993,15.25738336,168.4930459,306.8021267,45.9893807,,
2.420344318,2.112245095,2.112245095,0.458524564,139.858132,170.0842462,34.82098049,45.23289484,,
3.640274745,1.715096048,1.715096048,1.141617872,1.906090097,84.21400795,343.4620137,44.8538436,,
5.75074771,1.35466242,1.35466242,0.435572201,342.0325766,72.62916893,100.6694656,44.20537618,,
2.599173301,1.972814575,1.972814575,0.537751215,178.829551,111.0730885,26.36798372,42.37369948,,
3.453815347,1.69280387,1.69280387,0.446834364,269.2726278,150.2114254,103.1313603,41.45729965,,
4.000369019,1.572617204,1.572617204,1.351658588,29.41235884,114.3224129,23.27346166,41.44142776,,
2.664500754,1.926857497,1.926857497,0.468603788,119.5692826,88.55264643,271.0128447,41.43846419,,
2.950535963,1.828199411,1.828199411,3.067109128,222.0126201,94.26819048,321.5519637,41.30823614,,
4.450150701,1.482583725,1.482583725,1.795951229,24.53577224,98.45834523,103.3702959,40.97337934,,
3.898358773,1.565759699,1.565759699,1.451574895,169.5817575,70.04845822,310.8603567,40.03323039,,
4.944110578,1.37214653,1.37214653,1.905660923,106.2351296,97.42929306,346.719767,38.99220259,,
4.042265923,1.51737315,1.51737315,2.195679879,1.302653435,161.5602504,254.5147517,38.9850665,,
3.453578793,1.627082356,1.627082356,0.690449133,31.6550413,73.14675424,346.1936911,38.29808419,,
3.492413457,1.6157504,1.6157504,2.967545389,25.99221444,95.82328569,140.4964144,38.19115619,,
3.021013156,1.718816161,1.718816161,0.86718465,44.60639845,124.4307142,205.6837294,37.38523221,,
5.429293825,1.267768981,1.267768981,0.024088904,169.0253863,6.418189408,350.5772837,36.55208864,,
2.58317815,1.81128981,1.81128981,3.002845746,21.71700178,176.8115298,218.7666034,35.49922367,,
6.914494063,1.098873035,1.098873035,0.428185256,182.5040776,42.37441556,223.0676846,34.97389887,,
2.811362392,1.720837071,1.720837071,0.47515448,94.70039731,150.1478727,324.2352967,34.87264965,,
5.225674218,1.24407186,1.24407186,1.896927216,108.0081518,76.48447687,66.22393145,33.87832062,,
2.533155341,1.779092056,1.779092056,2.697966935,161.8585058,100.5737893,101.7119421,33.58514852,,
3.509089977,1.509014895,1.509014895,2.80614728,222.7759929,61.17931306,80.29813029,33.47111396,,
4.328521658,1.357432776,1.357432776,1.288128957,1.68990591,13.5396993,44.53175624,33.40910694,,
2.625229232,1.742575902,1.742575902,1.53156,176.5354699,104.229881,329.5006167,33.39175527,,
2.791476755,1.685289221,1.685289221,1.636513774,213.6175199,17.37455312,107.5398451,33.21020153,,
2.179427974,1.861115881,1.861115881,2.324010537,88.38578213,97.68593899,90.53009506,31.62117184,,
3.768871253,1.413988519,1.413988519,1.632192502,228.8829347,86.59841542,215.9296184,31.56397402,,
2.11215229,1.881569968,1.881569968,1.066151097,274.2451562,86.97803731,248.4448767,31.32236765,,
2.756465367,1.639717136,1.639717136,2.472996529,187.953511,21.63255733,166.8013807,31.04409616,,
2.776191647,1.616363955,1.616363955,1.154302117,18.19628079,70.11173534,359.9613398,30.3820005,,
3.181113194,1.499075116,1.499075116,1.780721284,167.135047,44.31651123,33.08099578,29.94432464,,
2.913449407,1.564314705,1.564314705,1.708552444,76.99430373,113.3009651,86.82892159,29.86375031,,
2.762497322,1.587693555,1.587693555,2.100979302,15.60747576,150.7705137,258.0355464,29.16915436,,
3.028214095,1.509566266,1.509566266,0.740694541,228.3972423,62.46731257,16.18783794,28.90543772,,
3.16948882,1.463104801,1.463104801,0.885315459,314.8936228,118.1298852,253.2381744,28.42030304,,
2.618559142,1.599634191,1.599634191,1.648565168,259.7824794,101.1689072,160.2120095,28.06676464,,
2.610342019,1.590170898,1.590170898,1.520911213,17.92532394,74.81974218,325.6399668,27.64863057,,
2.867264983,1.478355468,1.478355468,0.522409234,133.6166708,30.50558938,303.8665147,26.2490859,,
3.327677528,1.360333853,1.360333853,0.040466994,98.14665246,13.55693572,185.5269857,25.79412827,,
3.421784652,1.339026321,1.339026321,1.057310256,231.8085235,47.42615852,179.4826957,25.69919448,,
4.219499538,1.200432466,1.200432466,0.216562641,341.867391,71.71213034,99.89920741,25.46976971,,
3.229759346,1.361815602,1.361815602,1.220351105,328.4823293,172.2246072,142.0380243,25.08969512,,
3.306843796,1.330508746,1.330508746,1.855266458,177.8202598,8.738664574,358.2727652,24.52097631,,
1.986856788,1.641632935,1.641632935,2.095382486,209.5961071,105.4950323,305.7828828,22.42886447,,
3.966001053,1.137214723,1.137214723,3.060962178,187.0772111,10.68829096,112.1689234,21.48455594,,
2.892303616,1.323494765,1.323494765,2.586181857,223.1910265,57.59601487,80.57228143,21.22154238,,
2.319642429,1.473362412,1.473362412,2.489631975,100.0242504,96.90256883,96.79492356,21.09253727,,
2.521870833,1.386117039,1.386117039,0.850400867,80.25619986,151.888404,318.1528821,20.29603731,,
2.033968853,1.533334773,1.533334773,0.420502884,126.8965579,96.40065642,263.0336186,20.03119585,,
2.140193229,1.488120819,1.488120819,1.499110831,222.9743648,60.00283412,79.48298347,19.85262687,,
4.564850906,1.013945285,1.013945285,1.591632462,31.78800149,43.99209151,358.5258007,19.65822253,,
2.099232743,1.491655739,1.491655739,0.635730118,357.9813297,161.334178,157.4975636,19.56529534,,
2.544246402,1.343095209,1.343095209,0.092624559,247.6345131,79.56896222,121.7885812,19.22477997,,
2.598393164,1.324378818,1.324378818,1.406193846,135.1619965,88.12984876,81.35323253,19.09052741,,
2.291124757,1.400676698,1.400676698,0.739018558,264.6490189,164.5872262,75.93384349,18.82838868,,
2.31185189,1.394147298,1.394147298,1.406247576,4.532258874,21.71432867,46.30820392,18.82200739,,
2.071764389,1.459060348,1.459060348,0.064116595,171.5164674,72.11702504,284.2007866,18.47461867,,
1.752463445,1.579007016,1.579007016,1.659337123,265.386502,96.43612668,339.6537456,18.30230111,,
2.152788463,1.395359299,1.395359299,1.728214817,114.5693127,88.2635615,272.9935344,17.5574754,,
2.41298133,1.305290031,1.305290031,1.870621817,28.79283804,39.34342132,142.0478044,17.22093047,,
2.44059477,1.29333246,1.29333246,0.311086966,10.384352,19.05103845,41.13910816,17.10033589,,
2.439204136,1.260076755,1.260076755,0.192872529,352.1639516,70.35368035,1.064197561,16.22298466,,
1.835822917,1.417976386,1.417976386,0.030364236,2.672191104,99.38978464,356.8720629,15.46170537,,
2.322703068,1.247575977,1.247575977,1.469121757,326.6011859,140.9822619,342.1125646,15.14315298,,
2.250004124,1.241815528,1.241815528,1.077600224,100.5908645,96.81155746,96.18141021,14.53403146,,
1.805162786,1.361601469,1.361601469,1.184093732,358.9090606,36.32364291,205.0299123,14.01861161,,
1.803829938,1.322460536,1.322460536,0.724945426,267.9995726,28.76794652,264.2892077,13.21446673,,
2.077786839,1.228203089,1.228203089,0.959589039,101.811288,54.00914941,185.8777201,13.1289493,,
3.173990348,0.976097616,0.976097616,1.537567249,216.9098983,61.16465063,269.7995179,12.66720254,,
2.658623882,1.064030597,1.064030597,3.08437797,36.33025225,123.1866008,124.5700006,12.60821901,,
1.771785743,1.295851955,1.295851955,1.248993293,136.3323537,169.7357786,32.69730031,12.46265545,,
2.35803839,1.069853047,1.069853047,1.609093325,267.9657454,149.4016892,102.6211066,11.30544694,,
3.305824625,0.902424971,0.902424971,2.077105954,29.66054238,38.3710767,141.2806472,11.27692335,,
1.895146285,1.168810394,1.168810394,2.105456879,292.7951407,70.09510903,28.00477191,10.84474832,,
4.996307977,0.713250404,0.713250404,0.190286044,312.0425469,120.0780145,238.892606,10.64686782,,
1.779264564,1.184500068,1.184500068,1.172080189,204.4433535,103.1233819,280.7362426,10.45681244,,
1.801683089,1.161936949,1.161936949,1.563727969,92.75650725,24.55130591,175.3332478,10.18901347,,
3.133883926,0.851324041,0.851324041,1.531432816,150.7837932,118.1444689,219.8798084,9.513959806,,
2.752141005,0.903433285,0.903433285,3.068517257,221.7252898,89.15026204,77.03093982,9.409173247,,
2.367186183,0.942978289,0.942978289,1.177695387,194.9770445,104.5915472,326.5790713,8.817072542,,
1.577425232,1.146506437,1.146506437,2.602060828,108.1298483,130.2417192,86.19667478,8.685411261,,
2.271592863,0.955392826,0.955392826,1.058293056,203.1585926,105.6477534,276.2911673,8.685264656,,
2.081370224,0.99760924,0.99760924,0.294404469,88.71545039,14.99593292,194.667888,8.676785731,,
3.089330658,0.814377819,0.814377819,0.076195634,176.6707304,33.63435951,279.8496781,8.582323416,,
2.210452252,0.955010592,0.955010592,2.015409708,160.8182197,119.0741559,110.6772906,8.444736909,,
1.421579499,1.177676608,1.177676608,0.518296869,117.8540069,165.4388871,10.79297559,8.258703192,,
2.264462839,0.918299653,0.918299653,2.673537963,135.806149,53.83874252,20.20785331,7.998759653,,
2.451881064,0.878501301,0.878501301,3.065279125,93.36279536,118.7088571,207.7428936,7.926342369,,
1.413937269,1.151712859,1.151712859,0.280715334,104.7135519,14.18315289,180.5018479,7.856103252,,
1.611046992,1.068891664,1.068891664,1.070946485,78.23734833,114.2439109,86.45463335,7.710174327,,
2.674821745,0.826161718,0.826161718,1.656272089,351.788006,103.6442526,256.9626359,7.647396166,,
1.339142977,1.15954269,1.15954269,0.348837809,333.9879254,36.17392333,156.9190135,7.542043658,,
1.327973052,1.160552881,1.160552881,0.30306119,6.453786,168.2909846,297.1737448,7.492172012,,
1.484391796,1.095897498,1.095897498,0.971576673,197.9993861,101.484361,284.8536179,7.467530858,,
1.316755837,1.161338025,1.161338025,2.116294493,180.0196297,72.65746768,301.6437867,7.438941678,,
2.284960966,0.874522147,0.874522147,1.160282779,89.83328783,88.73179719,91.71961412,7.319965255,,
1.338942651,1.139535215,1.139535215,2.880960611,173.3483337,31.25038739,284.4457347,7.282929174,,
1.514647951,1.061724538,1.061724538,2.87821056,289.2147865,70.12509789,327.5262734,7.1519426,,
1.745865002,0.97276395,0.97276395,1.215353478,24.91238769,95.13078611,134.1989242,6.920129216,,
2.807049371,0.746682482,0.746682482,3.104171124,335.5816104,129.4929344,173.6673882,6.555571911,,
1.341765036,1.056529772,1.056529772,0.827031376,40.28116339,65.72784725,215.8017696,6.273769509,,
2.292234825,0.801004044,0.801004044,0.435248221,281.7658492,163.8931323,122.1371122,6.160516616,,
1.507635114,0.983649229,0.983649229,0.500852841,65.54103545,31.32893581,36.30429403,6.110339842,,
1.25876071,1.072974536,1.072974536,1.508755062,74.32717286,121.8934023,114.3149287,6.070306479,,
2.380112093,0.775763798,0.775763798,2.033847614,336.8595409,90.59707695,50.70641398,5.999914173,,
1.486455228,0.980804678,0.980804678,0.74101648,358.7688442,100.3155784,331.3635329,5.989705913,,
1.550068757,0.960191394,0.960191394,0.524848897,312.4388475,56.60491665,90.25643159,5.986254687,,
1.853963003,0.869813314,0.869813314,0.814182583,89.72238036,132.4467015,306.1453541,5.875458661,,
1.467231764,0.959511216,0.959511216,1.485305933,243.4952792,50.25121754,7.374990138,5.658319168,,
1.482938396,0.944088372,0.944088372,0.608976541,75.22704532,107.4808165,84.75631003,5.536521834,,
1.4005951,0.969890983,0.969890983,1.676060021,300.3180702,130.9514632,175.9443648,5.518830499,,
1.322285726,0.996291363,0.996291363,2.181971455,151.2629681,118.7046599,222.2776121,5.497771041,,
1.439412745,0.94800418,0.94800418,0.646355496,183.8017112,98.2217973,305.1741748,5.418691885,,
1.557523917,0.894296752,0.894296752,0.05678999,168.6732661,160.7927628,331.8202855,5.217790535,,
1.639462962,0.858047696,0.858047696,2.964186319,298.5926482,92.83108915,195.8571265,5.056069998,,
2.132490165,0.719196279,0.719196279,1.361970724,207.1400678,112.7583412,196.1815463,4.620303552,,
1.272999539,0.929585305,0.929585305,0.915128482,262.9776606,82.30131795,171.1142399,4.607818402,,
2.08832013,0.723831228,0.723831228,2.883814539,0.122448089,117.4510774,242.0097258,4.583110368,,
1.679559527,0.800210366,0.800210366,0.26428678,263.3183634,161.6385393,73.6884415,4.504974701,,
1.383488297,0.877590578,0.877590578,1.741680153,135.5936603,55.02860554,19.70700254,4.463217006,,
1.469912967,0.837590741,0.837590741,1.536063953,83.10451279,85.70567694,86.77929666,4.319604316,,
1.655276416,0.786940503,0.786940503,0.44566929,55.50355414,131.3701921,297.1340073,4.293811093,,
1.481891606,0.823049254,0.823049254,0.138782575,153.8596706,31.98371253,358.6051434,4.204909943,,
1.684120812,0.763692071,0.763692071,0.228244654,98.35686743,90.593655,95.10661875,4.114323296,,
1.302185022,0.864462583,0.864462583,1.483013571,109.8177802,74.60416124,65.47769622,4.076183305,,
1.312495023,0.834417203,0.834417203,0.476451261,210.7285069,126.7064786,139.6341816,3.827831158,,
1.359557322,0.81040531,0.81040531,0.53180928,326.7004839,113.0364929,25.52217001,3.74016437,,
1.444223882,0.775424104,0.775424104,1.534263403,3.968051137,28.87316179,41.79545473,3.637489313,,
1.144966883,0.865009555,0.865009555,0.301283621,314.0237183,117.755853,253.4749396,3.588585879,,
1.389069104,0.778923014,0.778923014,1.545435771,18.77102974,42.86804413,29.87149788,3.530218062,,
1.215857416,0.798964087,0.798964087,3.033515688,132.8177264,88.76613699,295.9265893,3.25106591,,
1.352728777,0.71910878,0.71910878,0.547427239,50.03547216,53.41667268,137.8359409,2.930141008,,
1.528169326,0.676446611,0.676446611,0.516928025,286.6846542,63.07521713,194.7304883,2.929052379,,
1.13645461,0.784383659,0.784383659,1.770311583,262.8822632,68.30288701,195.161828,2.928854373,,
1.066899069,0.808355377,0.808355377,2.27929738,189.3155534,81.32432735,276.3855198,2.920226978,,
1.016303013,0.81874864,0.81874864,1.201663608,249.3513547,88.54101634,240.1151269,2.853730822,,
1.193318211,0.755141362,0.755141362,0.586148241,76.23721979,111.5029974,86.65872089,2.850371033,,
1.168470617,0.756868973,0.756868973,0.404586214,275.7788804,60.91109204,260.7700257,2.803805021,,
1.768516689,0.604170461,0.604170461,0.302847722,138.2319581,95.37017932,337.676303,2.704062638,,
1.317472649,0.695875928,0.695875928,0.451470886,193.8824357,76.09018972,37.81106225,2.672353115,,
1.171989381,0.728460887,0.728460887,3.121810444,17.84716974,86.43946628,351.5069358,2.605102179,,
1.334047536,0.676397507,0.676397507,1.263012745,118.8877828,77.69589161,306.4214984,2.556606633,,
1.397425526,0.650547645,0.650547645,2.227777776,113.8177903,5.466171944,49.94142229,2.4772823,,
1.156965047,0.692411772,0.692411772,0.14998113,6.914261771,68.98702768,265.1638317,2.323473555,,
1.479238419,0.610569126,0.610569126,2.753655391,121.5585037,46.36536207,329.4526247,2.309917487,,
0.92611038,0.745554454,0.745554454,1.03342481,333.9856553,28.39736844,135.033472,2.156304548,,
1.434926442,0.595413828,0.595413828,1.499299645,293.3055878,103.063021,263.4124832,2.130865709,,
1.162161914,0.648191242,0.648191242,2.110976505,192.7082109,25.83114592,101.7618921,2.045321416,,
1.007668753,0.677047104,0.677047104,3.018873663,267.6412683,150.0146244,101.5289133,1.934836049,,
0.856800674,0.721769954,0.721769954,2.877996764,159.6894761,110.5809624,206.2076166,1.869674512,,
1.362080872,0.57173479,0.57173479,0.013887301,344.5033165,18.06719862,330.171198,1.86500819,,
0.842505242,0.715735869,0.715735869,1.945228999,249.3141875,92.27279485,120.6396543,1.807868282,,
0.931326945,0.676164181,0.676164181,1.02292739,347.3036326,75.74341566,99.32828306,1.783590286,,
0.948071356,0.668462528,0.668462528,0.382784831,90.40562935,91.59403942,91.60047801,1.774531727,,
0.8034341,0.668311916,0.668311916,1.124245936,122.4699809,164.3728468,15.25185314,1.503132549,,
1.170720725,0.547877711,0.547877711,3.061219221,152.4834545,139.3750929,309.2484119,1.472004646,,
1.017494563,0.586947383,0.586947383,2.519468189,267.1453562,149.8498248,101.0771097,1.468314365,,
1.137409622,0.552734538,0.552734538,1.782695997,87.11693892,126.8465423,124.9934925,1.455588824,,
0.8547811,0.618436078,0.618436078,2.066648752,84.46320564,101.5134732,264.8660392,1.369408928,,
0.816428855,0.628976873,0.628976873,1.985746042,315.6022752,119.9472054,359.1372651,1.352933059,,
1.047153904,0.549760392,0.549760392,3.139508379,65.93534055,113.0531673,343.2762033,1.32570233,,
1.192514971,0.514551192,0.514551192,2.746059098,153.8263837,62.15028296,212.0239748,1.32254247,,
1.555841397,0.444847858,0.444847858,0.141247597,214.9052977,130.3175619,149.5840307,1.289665076,,
0.787952358,0.623392341,0.623392341,1.428609806,189.7620944,99.82928951,306.1220606,1.282659828,,
0.717296314,0.64319194,0.64319194,1.274843203,149.0101435,53.84756241,341.1206425,1.242992176,,
0.938923054,0.548208247,0.548208247,0.32089686,265.4304849,70.31960438,9.715023517,1.181978949,,
1.245420446,0.465692046,0.465692046,2.308024068,61.47882103,72.16101386,2.612775171,1.131363704,,
0.769228621,0.589194428,0.589194428,2.302482869,293.2795013,143.2777461,152.8764442,1.118565206,,
0.855568847,0.556500633,0.556500633,0.790257538,23.12407865,167.7530117,159.2019262,1.109877115,,
0.869484536,0.549556384,0.549556384,2.986038367,297.5414737,158.4544192,291.2556418,1.099955172,,
